customer_id,churn_probability,churn_risk
CUST00001,0.00024855861061439657,Low Risk
CUST00002,0.00018281115449164957,Low Risk
CUST00003,0.016194588068653603,Low Risk
CUST00004,0.00020912263341686964,Low Risk
CUST00005,0.0004517456512594565,Low Risk
CUST00006,0.00018656877595283556,Low Risk
CUST00007,0.00031548098358993875,Low Risk
CUST00008,0.00019791027648256485,Low Risk
CUST00009,0.00023109903912513672,Low Risk
CUST00010,0.000568608181569587,Low Risk
CUST00011,0.1636747345401264,Low Risk
CUST00012,0.0004149283012869715,Low Risk
CUST00013,0.000156271083347347,Low Risk
CUST00014,0.00020419935877265613,Low Risk
CUST00015,0.03586242654320208,Low Risk
CUST00016,0.0003184256223357996,Low Risk
CUST00017,0.00022643762556485294,Low Risk
CUST00018,0.00020422411704977526,Low Risk
CUST00019,0.00016423628158058492,Low Risk
CUST00020,0.9931188083473693,High Risk
CUST00021,0.0002514058560496818,Low Risk
CUST00022,0.9821232275706092,High Risk
CUST00023,0.00019526499699033486,Low Risk
CUST00024,0.007805694845233779,Low Risk
CUST00025,0.00020041227273036815,Low Risk
CUST00026,0.00043087437136003407,Low Risk
CUST00027,0.00018516749588691882,Low Risk
CUST00028,0.00023702404733066775,Low Risk
CUST00029,0.00021073776007123318,Low Risk
CUST00030,0.0002508523825113333,Low Risk
CUST00031,0.00023897548099896792,Low Risk
CUST00032,0.0003615516826854491,Low Risk
CUST00033,0.00020364913897592842,Low Risk
CUST00034,0.06279326966074913,Low Risk
CUST00035,0.00019259213492783488,Low Risk
CUST00036,0.00026976165293328793,Low Risk
CUST00037,0.00028906809714075916,Low Risk
CUST00038,0.00030173221723180885,Low Risk
CUST00039,0.00020472409904210905,Low Risk
CUST00040,0.0002511245682896929,Low Risk
CUST00041,0.0001741050811739461,Low Risk
CUST00042,0.00023905282403477213,Low Risk
CUST00043,0.0001324453903874528,Low Risk
CUST00044,0.00012948222937978206,Low Risk
CUST00045,0.0005854077934925857,Low Risk
CUST00046,0.00029925509261292363,Low Risk
CUST00047,0.9840039671569116,High Risk
CUST00048,0.0004268783290806501,Low Risk
CUST00049,0.0012667166414680946,Low Risk
CUST00050,0.00024821572163956417,Low Risk
CUST00051,0.0003906757040145466,Low Risk
CUST00052,0.0002885288820815539,Low Risk
CUST00053,0.0002848399217143225,Low Risk
CUST00054,0.0003959563738718278,Low Risk
CUST00055,0.20573089180482976,Low Risk
CUST00056,0.00028454721664492136,Low Risk
CUST00057,0.0001969397710402887,Low Risk
CUST00058,0.0029726163438430616,Low Risk
CUST00059,0.00022934435565222455,Low Risk
CUST00060,0.00021672879202436112,Low Risk
CUST00061,0.00019912902830983585,Low Risk
CUST00062,0.00030260608330485154,Low Risk
CUST00063,0.2535681189119737,Low Risk
CUST00064,0.00019878876401636144,Low Risk
CUST00065,0.00019804518116000843,Low Risk
CUST00066,0.00021616594110129077,Low Risk
CUST00067,0.00017985911581559042,Low Risk
CUST00068,0.0003202289094601312,Low Risk
CUST00069,0.0001599214278341562,Low Risk
CUST00070,0.00013016189829846123,Low Risk
CUST00071,0.0003956192370150205,Low Risk
CUST00072,0.00039773275624567413,Low Risk
CUST00073,0.0002886742147417722,Low Risk
CUST00074,0.730047667249093,High Risk
CUST00075,0.019837796974822595,Low Risk
CUST00076,0.00012207987903042222,Low Risk
CUST00077,0.00027193960303703726,Low Risk
CUST00078,0.00018527502504948334,Low Risk
CUST00079,0.016166602899510125,Low Risk
CUST00080,0.0003138177774159509,Low Risk
CUST00081,0.00018090689444598542,Low Risk
CUST00082,0.00027011677489919124,Low Risk
CUST00083,0.00025312549169094733,Low Risk
CUST00084,0.00020625443857738335,Low Risk
CUST00085,0.00023812458312038007,Low Risk
CUST00086,0.00035477533899382297,Low Risk
CUST00087,0.0001575963428844098,Low Risk
CUST00088,0.0014663298099737646,Low Risk
CUST00089,0.00034076368465256636,Low Risk
CUST00090,0.0002591702462090224,Low Risk
CUST00091,0.008071307171117868,Low Risk
CUST00092,0.10479428582124888,Low Risk
CUST00093,0.0004430022699745458,Low Risk
CUST00094,0.00016694550144425805,Low Risk
CUST00095,0.0003619608326397217,Low Risk
CUST00096,0.00035789242667911284,Low Risk
CUST00097,0.0002452653971723492,Low Risk
CUST00098,0.00810023539545639,Low Risk
CUST00099,0.034045057425703594,Low Risk
CUST00100,0.00027783236176912496,Low Risk
CUST00101,0.37747251137460164,Medium Risk
CUST00102,0.00020339942202095333,Low Risk
CUST00103,0.00023435902365269909,Low Risk
CUST00104,0.00015232409110302187,Low Risk
CUST00105,0.00020169039209356693,Low Risk
CUST00106,0.00032117967970993097,Low Risk
CUST00107,0.00017857730499582162,Low Risk
CUST00108,0.00040113217091030984,Low Risk
CUST00109,0.00030856061870669524,Low Risk
CUST00110,0.0003357837601643792,Low Risk
CUST00111,0.00015584009778667646,Low Risk
CUST00112,0.00021996627571872662,Low Risk
CUST00113,0.000537265921162966,Low Risk
CUST00114,0.00017903174877270173,Low Risk
CUST00115,0.0009121086937892029,Low Risk
CUST00116,0.0002193215569945533,Low Risk
CUST00117,0.00017010252228451055,Low Risk
CUST00118,0.00023444565993932225,Low Risk
CUST00119,0.0002695434097174464,Low Risk
CUST00120,0.0003530567957199771,Low Risk
CUST00121,0.00022939975078585374,Low Risk
CUST00122,0.00028690474005685883,Low Risk
CUST00123,0.00016947159805847083,Low Risk
CUST00124,0.00018676306486021944,Low Risk
CUST00125,0.00023033083955617157,Low Risk
CUST00126,0.0001862451008699768,Low Risk
CUST00127,0.000239889813973782,Low Risk
CUST00128,0.0005407185617680614,Low Risk
CUST00129,0.00019908836003536197,Low Risk
CUST00130,0.00038400469656295523,Low Risk
CUST00131,0.00029608671762508597,Low Risk
CUST00132,0.00027275051127632525,Low Risk
CUST00133,0.00018857709050327026,Low Risk
CUST00134,0.00023909930561454888,Low Risk
CUST00135,0.0003111477654195622,Low Risk
CUST00136,0.0002040387469478085,Low Risk
CUST00137,0.0003331183866852753,Low Risk
CUST00138,0.04812555090519273,Low Risk
CUST00139,0.0001956645886611226,Low Risk
CUST00140,0.13357587947162644,Low Risk
CUST00141,0.0001734283074728396,Low Risk
CUST00142,0.003672368759312217,Low Risk
CUST00143,0.0004496103431732045,Low Risk
CUST00144,0.985442683295563,High Risk
CUST00145,0.00038025806890207086,Low Risk
CUST00146,0.0009461827689897011,Low Risk
CUST00147,0.00024194599854013085,Low Risk
CUST00148,0.00022888594913985993,Low Risk
CUST00149,0.00028697266530361724,Low Risk
CUST00150,0.0001513140475103956,Low Risk
CUST00151,0.0002943841737441388,Low Risk
CUST00152,0.00022093254601370714,Low Risk
CUST00153,0.09087912073490015,Low Risk
CUST00154,0.0067670082728683864,Low Risk
CUST00155,0.014309976693835689,Low Risk
CUST00156,0.00026087116867127397,Low Risk
CUST00157,0.0005725815522838474,Low Risk
CUST00158,0.00936896293838042,Low Risk
CUST00159,0.9117640823218143,High Risk
CUST00160,0.0001990230037217086,Low Risk
CUST00161,0.00019119248830582432,Low Risk
CUST00162,0.0001729054606588552,Low Risk
CUST00163,0.00034953383676390997,Low Risk
CUST00164,0.04949967752666579,Low Risk
CUST00165,0.00019138466076846526,Low Risk
CUST00166,0.0002776287972128269,Low Risk
CUST00167,0.0003862480881683746,Low Risk
CUST00168,0.00016729909927480855,Low Risk
CUST00169,0.00033004825406070275,Low Risk
CUST00170,0.03528200831089701,Low Risk
CUST00171,0.03423916648470982,Low Risk
CUST00172,0.006237755501017181,Low Risk
CUST00173,0.0002461075610843513,Low Risk
CUST00174,0.00039980346938348006,Low Risk
CUST00175,0.0002315893394460177,Low Risk
CUST00176,0.00043521646960366736,Low Risk
CUST00177,0.0002738450818337421,Low Risk
CUST00178,0.0002424433065221326,Low Risk
CUST00179,0.00037763320669090473,Low Risk
CUST00180,0.00045608171493976516,Low Risk
CUST00181,0.00027795748897424186,Low Risk
CUST00182,0.0004121678438630235,Low Risk
CUST00183,0.015398500223372295,Low Risk
CUST00184,0.00025474823198103037,Low Risk
CUST00185,0.0002772174658029758,Low Risk
CUST00186,0.0003104752347489618,Low Risk
CUST00187,0.041056603501178554,Low Risk
CUST00188,0.0003899424612591152,Low Risk
CUST00189,0.0001986593553193826,Low Risk
CUST00190,0.000258596726482166,Low Risk
CUST00191,0.00018883271235071433,Low Risk
CUST00192,0.0003008483752052278,Low Risk
CUST00193,0.00018020316545761737,Low Risk
CUST00194,0.0002582396661651308,Low Risk
CUST00195,0.00031937223878391214,Low Risk
CUST00196,0.0001912477798450797,Low Risk
CUST00197,0.0002861052374023811,Low Risk
CUST00198,0.007788724740129319,Low Risk
CUST00199,0.00032536024960385605,Low Risk
CUST00200,0.0001668740166020679,Low Risk
CUST00201,0.00019037940052725214,Low Risk
CUST00202,0.0004162489859889913,Low Risk
CUST00203,0.00021307110925812979,Low Risk
CUST00204,0.00031385525172053253,Low Risk
CUST00205,0.0002457078929905324,Low Risk
CUST00206,0.0003671849806750223,Low Risk
CUST00207,0.00018288409337775997,Low Risk
CUST00208,0.00022885927948929075,Low Risk
CUST00209,0.003655022017569132,Low Risk
CUST00210,0.00020980528307095595,Low Risk
CUST00211,0.00017674113053054978,Low Risk
CUST00212,0.0002647536290107418,Low Risk
CUST00213,0.00019588685502432713,Low Risk
CUST00214,0.00019460877090809412,Low Risk
CUST00215,0.0004197587719819626,Low Risk
CUST00216,0.0005402791454940987,Low Risk
CUST00217,0.00034898561458832647,Low Risk
CUST00218,0.000244446738011245,Low Risk
CUST00219,0.00024663621073114526,Low Risk
CUST00220,0.00021527288274736267,Low Risk
CUST00221,0.00013050648983192265,Low Risk
CUST00222,0.0001639344565914832,Low Risk
CUST00223,0.0001980856826754399,Low Risk
CUST00224,0.07543114919338416,Low Risk
CUST00225,0.00022516181730537126,Low Risk
CUST00226,0.0003430902681046323,Low Risk
CUST00227,0.00031402965474266,Low Risk
CUST00228,0.0002553236273570063,Low Risk
CUST00229,0.0001926471354608556,Low Risk
CUST00230,0.003340737907549739,Low Risk
CUST00231,0.00033686574925385454,Low Risk
CUST00232,0.013681350291609584,Low Risk
CUST00233,0.00021930684013557323,Low Risk
CUST00234,0.00024614460242770457,Low Risk
CUST00235,0.0002913314533125293,Low Risk
CUST00236,0.00023469065922011843,Low Risk
CUST00237,0.08820663986977294,Low Risk
CUST00238,0.00021291240172984074,Low Risk
CUST00239,0.00880443911497077,Low Risk
CUST00240,0.0065807729562431545,Low Risk
CUST00241,0.00026417114762393136,Low Risk
CUST00242,0.0001744025216514546,Low Risk
CUST00243,0.0003433349371604871,Low Risk
CUST00244,0.11353166496561604,Low Risk
CUST00245,0.00027643776281247197,Low Risk
CUST00246,0.0002380973142255088,Low Risk
CUST00247,0.0001564472310371388,Low Risk
CUST00248,0.0014087089810535568,Low Risk
CUST00249,0.0007873586405101127,Low Risk
CUST00250,0.0002479886954105202,Low Risk
CUST00251,0.043074226366980856,Low Risk
CUST00252,0.00019321089927025944,Low Risk
CUST00253,0.00023616236543472417,Low Risk
CUST00254,0.00017321168623977225,Low Risk
CUST00255,0.00022920424267326193,Low Risk
CUST00256,0.00028747048449191936,Low Risk
CUST00257,0.00019661958621165188,Low Risk
CUST00258,0.000239767611059426,Low Risk
CUST00259,0.00015327847666588059,Low Risk
CUST00260,0.1326905062816988,Low Risk
CUST00261,0.00019249979347775342,Low Risk
CUST00262,0.00016785152741821514,Low Risk
CUST00263,0.00029067731671485826,Low Risk
CUST00264,0.00031039090174088884,Low Risk
CUST00265,0.0002688453198194325,Low Risk
CUST00266,0.00017203530123210145,Low Risk
CUST00267,0.08597019616116267,Low Risk
CUST00268,0.00018374510273891178,Low Risk
CUST00269,0.041261210197136494,Low Risk
CUST00270,0.00021386938091866152,Low Risk
CUST00271,0.0003047925025586248,Low Risk
CUST00272,0.00044986033938077555,Low Risk
CUST00273,0.00018635233521807696,Low Risk
CUST00274,0.000204627873872038,Low Risk
CUST00275,0.0005516794918763763,Low Risk
CUST00276,0.0001752655435924283,Low Risk
CUST00277,0.00024801667126183116,Low Risk
CUST00278,0.000341699624813156,Low Risk
CUST00279,0.0002448570528551132,Low Risk
CUST00280,0.0002459500456260904,Low Risk
CUST00281,0.00027751318985910507,Low Risk
CUST00282,0.0003361663084845512,Low Risk
CUST00283,0.0002396605103213268,Low Risk
CUST00284,0.00018401742846263112,Low Risk
CUST00285,0.012061132330904093,Low Risk
CUST00286,0.0002662217152073087,Low Risk
CUST00287,0.00027315572354463574,Low Risk
CUST00288,0.00026498328191538724,Low Risk
CUST00289,0.00027170496215481524,Low Risk
CUST00290,0.0002013565175952512,Low Risk
CUST00291,0.00031209210844965104,Low Risk
CUST00292,0.00022435328155171702,Low Risk
CUST00293,0.0002804466336095659,Low Risk
CUST00294,0.0020962262336379467,Low Risk
CUST00295,0.00040286680377515075,Low Risk
CUST00296,0.000259125600710001,Low Risk
CUST00297,0.00024241824425658097,Low Risk
CUST00298,0.00023415403571965104,Low Risk
CUST00299,0.0003382392745047008,Low Risk
CUST00300,0.00020216810272020037,Low Risk
CUST00301,0.0002926107750037394,Low Risk
CUST00302,0.0001957137223520212,Low Risk
CUST00303,0.00019875871161832579,Low Risk
CUST00304,0.00022491749950921683,Low Risk
CUST00305,0.03709597597951589,Low Risk
CUST00306,0.0005207335121111989,Low Risk
CUST00307,0.00036166470845159956,Low Risk
CUST00308,0.0002855869944267206,Low Risk
CUST00309,0.00020480645990455308,Low Risk
CUST00310,0.03467855468438195,Low Risk
CUST00311,0.00019560504539332385,Low Risk
CUST00312,0.15422176624626596,Low Risk
CUST00313,0.00026192276729486284,Low Risk
CUST00314,0.00025928314250022556,Low Risk
CUST00315,0.00019833142715053851,Low Risk
CUST00316,0.0002465289473809828,Low Risk
CUST00317,0.000249305922582146,Low Risk
CUST00318,0.00022530640900399578,Low Risk
CUST00319,0.00010985284002136645,Low Risk
CUST00320,0.00019688184843383262,Low Risk
CUST00321,0.00019717263602466597,Low Risk
CUST00322,0.00019417086716664998,Low Risk
CUST00323,0.00425555423548272,Low Risk
CUST00324,0.00024009052537016245,Low Risk
CUST00325,0.00020828856103610814,Low Risk
CUST00326,0.00019244055328641397,Low Risk
CUST00327,0.06261346065994504,Low Risk
CUST00328,0.0002740517005070661,Low Risk
CUST00329,0.0001893001802766742,Low Risk
CUST00330,0.0002985027887866047,Low Risk
CUST00331,0.0004382341763080633,Low Risk
CUST00332,0.00030906584172129376,Low Risk
CUST00333,0.10206696141397281,Low Risk
CUST00334,0.0004716983219589095,Low Risk
CUST00335,0.000175901903798293,Low Risk
CUST00336,0.0002845926065949035,Low Risk
CUST00337,0.0002482861606788254,Low Risk
CUST00338,0.12066667610285299,Low Risk
CUST00339,0.00021813574313382135,Low Risk
CUST00340,0.0001715625483169517,Low Risk
CUST00341,0.00024135743622230536,Low Risk
CUST00342,0.00018958892089340074,Low Risk
CUST00343,0.00022488086141359708,Low Risk
CUST00344,0.0003285207587131102,Low Risk
CUST00345,0.0001982441482620098,Low Risk
CUST00346,0.000378646836030447,Low Risk
CUST00347,0.02988589511858906,Low Risk
CUST00348,0.00016574674506440363,Low Risk
CUST00349,0.0002286902166742562,Low Risk
CUST00350,0.00027388150486828635,Low Risk
CUST00351,0.0002108949382493265,Low Risk
CUST00352,0.018884824049928292,Low Risk
CUST00353,0.0003674020064141897,Low Risk
CUST00354,0.026016262360920406,Low Risk
CUST00355,0.00023955431302395856,Low Risk
CUST00356,0.0003120097464653839,Low Risk
CUST00357,0.00026564582268394246,Low Risk
CUST00358,0.00022826326488973185,Low Risk
CUST00359,0.00026886550299449514,Low Risk
CUST00360,0.00046491948134194807,Low Risk
CUST00361,0.0001680426143908238,Low Risk
CUST00362,0.0002170461119904876,Low Risk
CUST00363,0.0001589937492837541,Low Risk
CUST00364,0.0002285589159884599,Low Risk
CUST00365,0.000684863973088012,Low Risk
CUST00366,0.008405092723329642,Low Risk
CUST00367,0.00031972461006131696,Low Risk
CUST00368,0.00032191205065990427,Low Risk
CUST00369,0.00022463104562203099,Low Risk
CUST00370,0.0002700981710864906,Low Risk
CUST00371,0.00024168915290289733,Low Risk
CUST00372,0.00021805444067824782,Low Risk
CUST00373,0.0005008044069632597,Low Risk
CUST00374,0.00029011528072742625,Low Risk
CUST00375,0.000282686068914406,Low Risk
CUST00376,0.0002501444284174841,Low Risk
CUST00377,0.00027598196384299507,Low Risk
CUST00378,0.005912921287944139,Low Risk
CUST00379,0.0223897681372063,Low Risk
CUST00380,0.002668643285336396,Low Risk
CUST00381,0.0002034576202672778,Low Risk
CUST00382,0.0002773104913321146,Low Risk
CUST00383,0.01485372337947807,Low Risk
CUST00384,0.0004635830986820594,Low Risk
CUST00385,0.28756144146903184,Low Risk
CUST00386,0.0003503272825956969,Low Risk
CUST00387,0.00028108504028738425,Low Risk
CUST00388,0.00022136159713745103,Low Risk
CUST00389,0.0005575065914676939,Low Risk
CUST00390,0.13624763664900957,Low Risk
CUST00391,0.00028338570681800455,Low Risk
CUST00392,0.0003127108020339464,Low Risk
CUST00393,0.00021184152709794214,Low Risk
CUST00394,0.00021215687290891745,Low Risk
CUST00395,0.00024821499649290357,Low Risk
CUST00396,0.00030696210810015955,Low Risk
CUST00397,0.00015658214176274797,Low Risk
CUST00398,0.0005851573924333543,Low Risk
CUST00399,0.00019930975716097164,Low Risk
CUST00400,0.011080940786956288,Low Risk
CUST00401,0.00020995741008886175,Low Risk
CUST00402,0.5047692114939052,Medium Risk
CUST00403,0.0002604974210392649,Low Risk
CUST00404,0.00030175309430557695,Low Risk
CUST00405,0.0004028641564062946,Low Risk
CUST00406,0.0002506815190024574,Low Risk
CUST00407,0.00023736195817161053,Low Risk
CUST00408,0.00032706570161241587,Low Risk
CUST00409,0.00040574142358414285,Low Risk
CUST00410,0.00017376360705774192,Low Risk
CUST00411,0.00019589245778416144,Low Risk
CUST00412,0.00022837291735794207,Low Risk
CUST00413,0.00020583948189977218,Low Risk
CUST00414,0.00035516400755964734,Low Risk
CUST00415,0.00020293413155253971,Low Risk
CUST00416,0.0002378757278375968,Low Risk
CUST00417,0.0002648205000520652,Low Risk
CUST00418,0.00033175819436805765,Low Risk
CUST00419,0.00041830215293952184,Low Risk
CUST00420,0.0003338252621078066,Low Risk
CUST00421,0.0002491729619685526,Low Risk
CUST00422,0.0022278034035784315,Low Risk
CUST00423,0.00033671847217332394,Low Risk
CUST00424,0.04851327396427376,Low Risk
CUST00425,0.03949341989398958,Low Risk
CUST00426,0.00030794786788781786,Low Risk
CUST00427,0.00010990879501355124,Low Risk
CUST00428,0.07176594537176287,Low Risk
CUST00429,0.00045349779420473537,Low Risk
CUST00430,0.00018513049803485558,Low Risk
CUST00431,0.002119457600903756,Low Risk
CUST00432,0.0002463086486049854,Low Risk
CUST00433,0.00025751337178792804,Low Risk
CUST00434,0.00020503175331090679,Low Risk
CUST00435,0.9929829171906656,High Risk
CUST00436,0.00027826789497056777,Low Risk
CUST00437,0.00018531871709796265,Low Risk
CUST00438,0.00023983194736035938,Low Risk
CUST00439,0.00019933140972521046,Low Risk
CUST00440,0.0004815720420552144,Low Risk
CUST00441,0.0006054470476766154,Low Risk
CUST00442,0.00021078648875353553,Low Risk
CUST00443,0.00025271447418373933,Low Risk
CUST00444,0.0004226020522699736,Low Risk
CUST00445,0.00027303519308315746,Low Risk
CUST00446,0.0003606799736807615,Low Risk
CUST00447,0.00033023345142111965,Low Risk
CUST00448,0.00021716431887587996,Low Risk
CUST00449,0.0002964055235194189,Low Risk
CUST00450,0.0003579272098135124,Low Risk
CUST00451,0.00043837313768722147,Low Risk
CUST00452,0.00020158553338733975,Low Risk
CUST00453,0.00043112404102635377,Low Risk
CUST00454,0.0002828744504751522,Low Risk
CUST00455,0.0001984600966704972,Low Risk
CUST00456,0.0003168163212219968,Low Risk
CUST00457,0.4082405290948578,Medium Risk
CUST00458,0.00022949676397107945,Low Risk
CUST00459,0.0002627083122195833,Low Risk
CUST00460,0.0002230613853813979,Low Risk
CUST00461,0.00022659401246767673,Low Risk
CUST00462,0.00029683897184408053,Low Risk
CUST00463,0.00047137362769574545,Low Risk
CUST00464,0.00025312259109350275,Low Risk
CUST00465,0.00018860621370675627,Low Risk
CUST00466,0.00020169970659972655,Low Risk
CUST00467,0.00018024540675397555,Low Risk
CUST00468,0.0004843300691684585,Low Risk
CUST00469,0.0005187796052359894,Low Risk
CUST00470,0.0001097412310154168,Low Risk
CUST00471,0.00041796672316069233,Low Risk
CUST00472,0.004002464093273613,Low Risk
CUST00473,0.00025426824223869036,Low Risk
CUST00474,0.0005973100949210976,Low Risk
CUST00475,0.007563523617378678,Low Risk
CUST00476,0.000240224210490858,Low Risk
CUST00477,0.0001628740302990208,Low Risk
CUST00478,0.07453266255756072,Low Risk
CUST00479,0.0001937483467275809,Low Risk
CUST00480,0.0002547750357561904,Low Risk
CUST00481,0.00021990562686920772,Low Risk
CUST00482,0.00020246317439760747,Low Risk
CUST00483,0.0002806830850343822,Low Risk
CUST00484,0.0005023561802767756,Low Risk
CUST00485,0.0002783498626675545,Low Risk
CUST00486,0.0003219965368264876,Low Risk
CUST00487,0.19388975794252997,Low Risk
CUST00488,0.017192055044521766,Low Risk
CUST00489,0.9900567091829933,High Risk
CUST00490,0.015187024211694313,Low Risk
CUST00491,0.0002061918154146795,Low Risk
CUST00492,0.00018136011664483147,Low Risk
CUST00493,0.0006284256070040916,Low Risk
CUST00494,0.00021934237146318893,Low Risk
CUST00495,0.00021143254992848283,Low Risk
CUST00496,0.005119977537141102,Low Risk
CUST00497,0.015065697379821955,Low Risk
CUST00498,0.0002901010332382616,Low Risk
CUST00499,0.02923137329221977,Low Risk
CUST00500,0.0002718866154818006,Low Risk
CUST00501,0.00022888189415482064,Low Risk
CUST00502,0.9921983150521211,High Risk
CUST00503,0.00018029463054139815,Low Risk
CUST00504,0.00024201600855096493,Low Risk
CUST00505,0.000358629484870125,Low Risk
CUST00506,0.0002519272626374642,Low Risk
CUST00507,0.00030957840585276933,Low Risk
CUST00508,0.00021432002913515457,Low Risk
CUST00509,0.0002268883519798745,Low Risk
CUST00510,0.00038952188696134756,Low Risk
CUST00511,0.00037269281236341996,Low Risk
CUST00512,0.000544206816356362,Low Risk
CUST00513,0.0001973958555990146,Low Risk
CUST00514,0.00023330833456132675,Low Risk
CUST00515,0.0002988991257328367,Low Risk
CUST00516,0.00025992098172236455,Low Risk
CUST00517,0.00034365763394836904,Low Risk
CUST00518,0.0003282763425243029,Low Risk
CUST00519,0.00017680298179358514,Low Risk
CUST00520,0.02423812732365946,Low Risk
CUST00521,0.00034412519612258906,Low Risk
CUST00522,0.028224989833158392,Low Risk
CUST00523,0.027435153555298315,Low Risk
CUST00524,0.00022853073196234524,Low Risk
CUST00525,0.00022543703058414073,Low Risk
CUST00526,0.000299688803496123,Low Risk
CUST00527,0.0001482820489482025,Low Risk
CUST00528,0.00031198807761102435,Low Risk
CUST00529,0.17727909178292653,Low Risk
CUST00530,0.00019525989489009425,Low Risk
CUST00531,0.0001904017870252031,Low Risk
CUST00532,0.970992111447709,High Risk
CUST00533,0.00017962278206623498,Low Risk
CUST00534,0.00022040436321105875,Low Risk
CUST00535,0.0001782594547498437,Low Risk
CUST00536,0.0002535906763647638,Low Risk
CUST00537,0.00012774654081983516,Low Risk
CUST00538,0.00021814570708851306,Low Risk
CUST00539,0.09231866872887276,Low Risk
CUST00540,0.000370837792423271,Low Risk
CUST00541,0.0030283079750000217,Low Risk
CUST00542,0.00026472368081159684,Low Risk
CUST00543,0.00037263750259505335,Low Risk
CUST00544,0.00018108293567616895,Low Risk
CUST00545,0.00023372360280459633,Low Risk
CUST00546,0.00024178813947894572,Low Risk
CUST00547,0.0002017400118010446,Low Risk
CUST00548,0.0066466524489030504,Low Risk
CUST00549,0.000373549902083569,Low Risk
CUST00550,0.00045642341948116683,Low Risk
CUST00551,0.00018893842250582876,Low Risk
CUST00552,0.00015103665411828334,Low Risk
CUST00553,0.0002201573328590339,Low Risk
CUST00554,0.0002663483368307422,Low Risk
CUST00555,0.0003501902570884515,Low Risk
CUST00556,0.00015773501224944223,Low Risk
CUST00557,0.000309025502491046,Low Risk
CUST00558,0.00023175766219861194,Low Risk
CUST00559,0.0002777601613738938,Low Risk
CUST00560,0.00025263034059670123,Low Risk
CUST00561,0.00029103076430986877,Low Risk
CUST00562,0.00020395965835512733,Low Risk
CUST00563,0.0002988916197561679,Low Risk
CUST00564,0.00025524220094072427,Low Risk
CUST00565,0.024059332137924244,Low Risk
CUST00566,0.00022846825498598657,Low Risk
CUST00567,0.0007039338279853955,Low Risk
CUST00568,0.0002844299213797086,Low Risk
CUST00569,0.0002810645105723274,Low Risk
CUST00570,0.00016021370720444277,Low Risk
CUST00571,0.0002048975459286551,Low Risk
CUST00572,0.0003030800913672225,Low Risk
CUST00573,0.00027109300953596645,Low Risk
CUST00574,0.0004838069276410173,Low Risk
CUST00575,0.0002540841866311742,Low Risk
CUST00576,0.0002815519821237498,Low Risk
CUST00577,0.3286475616299424,Medium Risk
CUST00578,0.00016242264081458806,Low Risk
CUST00579,0.00044278605402539416,Low Risk
CUST00580,0.00021271724943621066,Low Risk
CUST00581,0.0002532080992727394,Low Risk
CUST00582,0.00019193888243691437,Low Risk
CUST00583,0.000793777084082078,Low Risk
CUST00584,0.00023630640904234956,Low Risk
CUST00585,0.00017787947743030531,Low Risk
CUST00586,0.00037704658595062534,Low Risk
CUST00587,0.0002342651531062638,Low Risk
CUST00588,0.00013414797418997545,Low Risk
CUST00589,0.00017285256308127502,Low Risk
CUST00590,0.00017898810701784518,Low Risk
CUST00591,0.0007326891961208078,Low Risk
CUST00592,0.0003975859306237876,Low Risk
CUST00593,0.0002340940838785985,Low Risk
CUST00594,0.00011845938640936322,Low Risk
CUST00595,0.00035640817559544813,Low Risk
CUST00596,0.00038838703607602305,Low Risk
CUST00597,0.0002443695903665346,Low Risk
CUST00598,0.00028219167570132616,Low Risk
CUST00599,0.00016964968971536974,Low Risk
CUST00600,0.0002711393858254677,Low Risk
CUST00601,0.00886806122355998,Low Risk
CUST00602,0.00017567853067743504,Low Risk
CUST00603,0.00024455526289467714,Low Risk
CUST00604,0.0004126144515250212,Low Risk
CUST00605,0.10104979680260234,Low Risk
CUST00606,0.0001780493618920055,Low Risk
CUST00607,0.0002056690985087129,Low Risk
CUST00608,0.0002550472785014627,Low Risk
CUST00609,0.0002904569480637753,Low Risk
CUST00610,0.9841500559237574,High Risk
CUST00611,0.0002421551653960843,Low Risk
CUST00612,0.0001939595993115099,Low Risk
CUST00613,0.00018728630174905315,Low Risk
CUST00614,0.00023258591565421204,Low Risk
CUST00615,0.0002353828696032101,Low Risk
CUST00616,0.00025088569953149583,Low Risk
CUST00617,0.00034192208098312736,Low Risk
CUST00618,0.00030943168257624936,Low Risk
CUST00619,0.00013645505175964934,Low Risk
CUST00620,0.297995802199414,Low Risk
CUST00621,0.016156143200290216,Low Risk
CUST00622,0.0003494631177817695,Low Risk
CUST00623,0.0001875189491118413,Low Risk
CUST00624,0.0002248025459485231,Low Risk
CUST00625,0.00022866828828752126,Low Risk
CUST00626,0.00020908347859869864,Low Risk
CUST00627,0.00019432870281099838,Low Risk
CUST00628,0.0002004402537527414,Low Risk
CUST00629,0.0004498451750838279,Low Risk
CUST00630,0.056510534057239215,Low Risk
CUST00631,0.00023944039667175179,Low Risk
CUST00632,0.0025868913557281774,Low Risk
CUST00633,0.00023114817341842424,Low Risk
CUST00634,0.00028361705918278243,Low Risk
CUST00635,0.00023423245861426897,Low Risk
CUST00636,0.00026868181635426766,Low Risk
CUST00637,0.0037817032763184286,Low Risk
CUST00638,0.0002036352197248196,Low Risk
CUST00639,0.00019701739360040676,Low Risk
CUST00640,0.0002691461592651554,Low Risk
CUST00641,0.0001449720535639291,Low Risk
CUST00642,0.00018583801344740553,Low Risk
CUST00643,0.1893594959989385,Low Risk
CUST00644,0.0001540214309067376,Low Risk
CUST00645,0.0002463687176080062,Low Risk
CUST00646,0.9717457301772273,High Risk
CUST00647,0.00026404782387822893,Low Risk
CUST00648,0.00022243063484721524,Low Risk
CUST00649,0.00032836409021262566,Low Risk
CUST00650,0.0001234967044521213,Low Risk
CUST00651,0.0002782998324131927,Low Risk
CUST00652,0.10594625185483164,Low Risk
CUST00653,0.00020731017772480446,Low Risk
CUST00654,0.00028666510280220774,Low Risk
CUST00655,0.000206859025705337,Low Risk
CUST00656,0.0002046249445405738,Low Risk
CUST00657,0.00020938719243438186,Low Risk
CUST00658,0.00031402887683070195,Low Risk
CUST00659,0.0001944074918345218,Low Risk
CUST00660,0.00038441182626117035,Low Risk
CUST00661,0.00021980029253755899,Low Risk
CUST00662,0.000262397357223341,Low Risk
CUST00663,0.00041639299242066173,Low Risk
CUST00664,0.00016792812464673995,Low Risk
CUST00665,0.03678257325763042,Low Risk
CUST00666,0.0003017602615585056,Low Risk
CUST00667,0.0002707770712307076,Low Risk
CUST00668,0.00035603226605131514,Low Risk
CUST00669,0.00021259926337359813,Low Risk
CUST00670,0.1170244382858877,Low Risk
CUST00671,0.00019025624155653059,Low Risk
CUST00672,0.00019213895872753937,Low Risk
CUST00673,0.00029815515504115497,Low Risk
CUST00674,0.00031959349845722646,Low Risk
CUST00675,0.0006004625682286139,Low Risk
CUST00676,0.0002099393915457821,Low Risk
CUST00677,0.0003622397111437725,Low Risk
CUST00678,0.030889298597869486,Low Risk
CUST00679,0.11075373035605142,Low Risk
CUST00680,0.0002368994438984703,Low Risk
CUST00681,0.0003473426545082503,Low Risk
CUST00682,0.00025267281712497273,Low Risk
CUST00683,0.00018321159128406594,Low Risk
CUST00684,0.0003001818136601872,Low Risk
CUST00685,0.0003217010304312168,Low Risk
CUST00686,0.992031097660578,High Risk
CUST00687,0.00023013779265934378,Low Risk
CUST00688,0.0003928159649877097,Low Risk
CUST00689,0.000163887324455018,Low Risk
CUST00690,0.000211220369289348,Low Risk
CUST00691,0.0001519397157735731,Low Risk
CUST00692,0.00035262470962733406,Low Risk
CUST00693,0.735503098998127,High Risk
CUST00694,0.0003190802210166001,Low Risk
CUST00695,0.0001984510040864464,Low Risk
CUST00696,0.023536398674408886,Low Risk
CUST00697,0.00021980771565693338,Low Risk
CUST00698,0.00013780858663096416,Low Risk
CUST00699,0.0007762791641688695,Low Risk
CUST00700,0.003887839165121265,Low Risk
CUST00701,0.0002542617029538275,Low Risk
CUST00702,0.00020035167624178184,Low Risk
CUST00703,0.00022896056363159206,Low Risk
CUST00704,0.00019972177740010166,Low Risk
CUST00705,0.0002419621659897679,Low Risk
CUST00706,0.00015820124206806724,Low Risk
CUST00707,0.06954530120217026,Low Risk
CUST00708,0.00025815276430237404,Low Risk
CUST00709,0.00023152791486089899,Low Risk
CUST00710,0.00030190038107281536,Low Risk
CUST00711,0.00023277539704945514,Low Risk
CUST00712,0.00037673302926401084,Low Risk
CUST00713,0.00022462124363298736,Low Risk
CUST00714,0.0003101176304724175,Low Risk
CUST00715,0.3217279566442337,Medium Risk
CUST00716,0.00017599204763897196,Low Risk
CUST00717,0.004605638799001806,Low Risk
CUST00718,0.01059552948427915,Low Risk
CUST00719,0.04963293367744369,Low Risk
CUST00720,0.00028919412279511104,Low Risk
CUST00721,0.0003645180784310513,Low Risk
CUST00722,0.0002913285148809406,Low Risk
CUST00723,0.0002462014650933913,Low Risk
CUST00724,0.000180529277043322,Low Risk
CUST00725,0.006189398114043673,Low Risk
CUST00726,0.01314966675640954,Low Risk
CUST00727,0.00027256005293416766,Low Risk
CUST00728,0.0002627132941347528,Low Risk
CUST00729,0.02505604376904294,Low Risk
CUST00730,0.00012631806338046162,Low Risk
CUST00731,0.9853827378501226,High Risk
CUST00732,0.0001664748261217278,Low Risk
CUST00733,0.00022366702870509666,Low Risk
CUST00734,0.0003369751397747124,Low Risk
CUST00735,0.0002132534231325784,Low Risk
CUST00736,0.008440640650190963,Low Risk
CUST00737,0.0002614831207184285,Low Risk
CUST00738,0.00019562226137675697,Low Risk
CUST00739,0.005275917388867485,Low Risk
CUST00740,0.0001951159013539206,Low Risk
CUST00741,0.000338045653355569,Low Risk
CUST00742,0.00023656153184243908,Low Risk
CUST00743,0.00028202943777746857,Low Risk
CUST00744,0.00015838886167493174,Low Risk
CUST00745,0.0002532999995841578,Low Risk
CUST00746,0.0003106107303276666,Low Risk
CUST00747,0.00042287411233462517,Low Risk
CUST00748,0.0005387058938295014,Low Risk
CUST00749,0.00037671309706784073,Low Risk
CUST00750,0.01104733778142089,Low Risk
CUST00751,0.022745860302071777,Low Risk
CUST00752,0.00024066511728136467,Low Risk
CUST00753,0.0006465928331434899,Low Risk
CUST00754,0.0002478299825852088,Low Risk
CUST00755,0.00020502281304981513,Low Risk
CUST00756,0.002490936237228706,Low Risk
CUST00757,0.0003295427930420504,Low Risk
CUST00758,0.3753466441972865,Medium Risk
CUST00759,0.00020740779909042412,Low Risk
CUST00760,0.06349364248647062,Low Risk
CUST00761,0.00041958585897463246,Low Risk
CUST00762,0.0002604565031640467,Low Risk
CUST00763,0.0005121996852092073,Low Risk
CUST00764,0.0004474483378819662,Low Risk
CUST00765,0.00018056750329885704,Low Risk
CUST00766,0.0002143342831027132,Low Risk
CUST00767,0.00015270209588828858,Low Risk
CUST00768,0.0003400030052769828,Low Risk
CUST00769,0.0002763016775998969,Low Risk
CUST00770,0.0003076548330384606,Low Risk
CUST00771,0.0002105451850636337,Low Risk
CUST00772,0.00018152309799643942,Low Risk
CUST00773,0.000265367288086143,Low Risk
CUST00774,0.0001391255864920073,Low Risk
CUST00775,0.00029239715780219824,Low Risk
CUST00776,0.00042693377031757454,Low Risk
CUST00777,0.0001952962783820328,Low Risk
CUST00778,0.00021329579808901923,Low Risk
CUST00779,0.2638765324527545,Low Risk
CUST00780,0.00034035619661027753,Low Risk
CUST00781,0.0001340444542094881,Low Risk
CUST00782,0.00021030612457962564,Low Risk
CUST00783,0.0002822654280290753,Low Risk
CUST00784,0.0002577854230148237,Low Risk
CUST00785,0.000185298436433861,Low Risk
CUST00786,0.00047869353747329556,Low Risk
CUST00787,0.0002683408740436019,Low Risk
CUST00788,0.0005558988969084849,Low Risk
CUST00789,0.0001637417595153047,Low Risk
CUST00790,0.0002231263569639369,Low Risk
CUST00791,0.00029493072689514894,Low Risk
CUST00792,0.00038558541608824066,Low Risk
CUST00793,0.00041374248996661615,Low Risk
CUST00794,0.0002071100809572615,Low Risk
CUST00795,0.00029781252566520706,Low Risk
CUST00796,0.0017099899712243686,Low Risk
CUST00797,0.00018233759130147325,Low Risk
CUST00798,0.0001551704892327171,Low Risk
CUST00799,0.00017856524911029188,Low Risk
CUST00800,0.000174641055336451,Low Risk
CUST00801,0.00015497613170372556,Low Risk
CUST00802,0.01900416092348476,Low Risk
CUST00803,0.00030258808074685523,Low Risk
CUST00804,0.03462524387170041,Low Risk
CUST00805,0.00020654015481183724,Low Risk
CUST00806,0.0001929021710856088,Low Risk
CUST00807,0.00017000187523965956,Low Risk
CUST00808,0.12096112616425744,Low Risk
CUST00809,0.0002742204886044352,Low Risk
CUST00810,0.000743411753400596,Low Risk
CUST00811,0.0002781601955885257,Low Risk
CUST00812,0.006123808668699858,Low Risk
CUST00813,0.00028736446934020263,Low Risk
CUST00814,0.9847202916032655,High Risk
CUST00815,0.000247660265013689,Low Risk
CUST00816,0.0001440915255804218,Low Risk
CUST00817,0.0003795658120040602,Low Risk
CUST00818,0.00019234446754502684,Low Risk
CUST00819,0.0003015872291065524,Low Risk
CUST00820,0.009025456489106246,Low Risk
CUST00821,0.00021695089901404348,Low Risk
CUST00822,0.00028493083992469953,Low Risk
CUST00823,0.0002602868869621855,Low Risk
CUST00824,0.00021804165583535256,Low Risk
CUST00825,0.01241054805060505,Low Risk
CUST00826,0.0002592906864873152,Low Risk
CUST00827,0.00021610160055440935,Low Risk
CUST00828,0.0002996329790428283,Low Risk
CUST00829,0.00024716034687230346,Low Risk
CUST00830,0.00019319530777947035,Low Risk
CUST00831,0.13572748809432103,Low Risk
CUST00832,0.0001920032014979761,Low Risk
CUST00833,0.050423305731413744,Low Risk
CUST00834,0.00016778887249194337,Low Risk
CUST00835,0.08083459915549607,Low Risk
CUST00836,0.00025450500590488474,Low Risk
CUST00837,0.00029054268424790516,Low Risk
CUST00838,0.00022912875288287718,Low Risk
CUST00839,0.00016572904604537697,Low Risk
CUST00840,0.26900825234682085,Low Risk
CUST00841,0.015173332388806308,Low Risk
CUST00842,0.0003055125151021317,Low Risk
CUST00843,0.0002865021702452743,Low Risk
CUST00844,0.0002489072788625499,Low Risk
CUST00845,0.00016650109562902263,Low Risk
CUST00846,0.12799328542727403,Low Risk
CUST00847,0.00020963958556743516,Low Risk
CUST00848,0.985621301255015,High Risk
CUST00849,0.00033291942762514785,Low Risk
CUST00850,0.18233727941924757,Low Risk
CUST00851,0.006774616423604317,Low Risk
CUST00852,0.021314775554656145,Low Risk
CUST00853,0.0007312801445525666,Low Risk
CUST00854,0.04582726543454175,Low Risk
CUST00855,0.00046295904657999245,Low Risk
CUST00856,0.0002584950856079817,Low Risk
CUST00857,0.00016593117374715397,Low Risk
CUST00858,0.000497796560462905,Low Risk
CUST00859,0.00016942827381459953,Low Risk
CUST00860,0.0006787544878832389,Low Risk
CUST00861,0.00022031006367384062,Low Risk
CUST00862,0.1864364508482439,Low Risk
CUST00863,0.0002822426646650047,Low Risk
CUST00864,0.0002750685765020464,Low Risk
CUST00865,0.0032675749044437305,Low Risk
CUST00866,0.00028238898900204124,Low Risk
CUST00867,0.0003488149344393198,Low Risk
CUST00868,0.023934105842606038,Low Risk
CUST00869,0.00012262071340926066,Low Risk
CUST00870,0.0003097618393634452,Low Risk
CUST00871,0.00022271502496011854,Low Risk
CUST00872,0.006858546868159353,Low Risk
CUST00873,0.009301666285940226,Low Risk
CUST00874,0.00019275889942794376,Low Risk
CUST00875,0.00040939631072923035,Low Risk
CUST00876,0.00030701824516893387,Low Risk
CUST00877,0.11597052910014745,Low Risk
CUST00878,0.00016845693522276318,Low Risk
CUST00879,0.00021000376245083687,Low Risk
CUST00880,0.005768398022077525,Low Risk
CUST00881,0.1011912071659284,Low Risk
CUST00882,0.00015587393971331506,Low Risk
CUST00883,0.0002685840648770683,Low Risk
CUST00884,0.00023148058046677192,Low Risk
CUST00885,0.001937501112159353,Low Risk
CUST00886,0.0003137251393661991,Low Risk
CUST00887,0.0001925888403844862,Low Risk
CUST00888,0.00034664216947900015,Low Risk
CUST00889,0.00029144624097636907,Low Risk
CUST00890,0.00020706174766087757,Low Risk
CUST00891,0.00031233060263945644,Low Risk
CUST00892,0.0002835566024795243,Low Risk
CUST00893,0.00022529583816283623,Low Risk
CUST00894,0.0005355341450415357,Low Risk
CUST00895,0.0002474298884982873,Low Risk
CUST00896,0.00019097875139812857,Low Risk
CUST00897,0.0001982754092004227,Low Risk
CUST00898,0.00034924099969951014,Low Risk
CUST00899,0.00028297265660058037,Low Risk
CUST00900,0.00020796312601339926,Low Risk
CUST00901,0.00015685580991795132,Low Risk
CUST00902,0.00030775292804611603,Low Risk
CUST00903,0.00030899440888771036,Low Risk
CUST00904,0.0003570249798673712,Low Risk
CUST00905,0.00017377381803657306,Low Risk
CUST00906,0.00024417306912999316,Low Risk
CUST00907,0.00024123355165399016,Low Risk
CUST00908,0.0001959117981824474,Low Risk
CUST00909,0.03695619397223464,Low Risk
CUST00910,0.0001902059854111181,Low Risk
CUST00911,0.007285203690827126,Low Risk
CUST00912,0.0001695556427646781,Low Risk
CUST00913,0.0002498102139809492,Low Risk
CUST00914,0.0002755299188838604,Low Risk
CUST00915,0.000225111463535605,Low Risk
CUST00916,0.00016000940867707397,Low Risk
CUST00917,0.0003319911182389664,Low Risk
CUST00918,0.0005894221041100223,Low Risk
CUST00919,0.13738308549949296,Low Risk
CUST00920,0.000151385476260639,Low Risk
CUST00921,0.00026180524497491247,Low Risk
CUST00922,0.9819910540564502,High Risk
CUST00923,0.0002558474763518495,Low Risk
CUST00924,0.0004013209021261472,Low Risk
CUST00925,0.0003476372022631146,Low Risk
CUST00926,0.0002547088981804233,Low Risk
CUST00927,0.0001801993391638509,Low Risk
CUST00928,0.004625897215903415,Low Risk
CUST00929,0.00018877660695604346,Low Risk
CUST00930,0.0027985049511212155,Low Risk
CUST00931,0.00020764850525973935,Low Risk
CUST00932,0.0003116648273929218,Low Risk
CUST00933,0.9917413820065524,High Risk
CUST00934,0.0002626627625545912,Low Risk
CUST00935,0.00030886242169882205,Low Risk
CUST00936,0.00028584254016995875,Low Risk
CUST00937,0.0003484707600355143,Low Risk
CUST00938,0.0003004849130684282,Low Risk
CUST00939,0.0011119607554074397,Low Risk
CUST00940,0.0001930336253801141,Low Risk
CUST00941,0.0001217419499806708,Low Risk
CUST00942,0.0005018514827622101,Low Risk
CUST00943,0.0002754542527515413,Low Risk
CUST00944,0.1031245825290222,Low Risk
CUST00945,0.0001808386909923741,Low Risk
CUST00946,0.003083955085543255,Low Risk
CUST00947,0.03558454091031617,Low Risk
CUST00948,0.00017045463663380668,Low Risk
CUST00949,0.00017564388978984924,Low Risk
CUST00950,0.00041911725123523806,Low Risk
CUST00951,0.00022799733608032407,Low Risk
CUST00952,0.01549010456024831,Low Risk
CUST00953,0.46267563415309493,Medium Risk
CUST00954,0.00017305867510062877,Low Risk
CUST00955,0.00017857863070567864,Low Risk
CUST00956,0.00814298748445434,Low Risk
CUST00957,0.0002617782465420967,Low Risk
CUST00958,0.06964985027871402,Low Risk
CUST00959,0.0004587093226749593,Low Risk
CUST00960,0.0002193619514847457,Low Risk
CUST00961,0.00017820863072905835,Low Risk
CUST00962,0.00017962163137108343,Low Risk
CUST00963,0.003241317264394687,Low Risk
CUST00964,0.00019991813675152573,Low Risk
CUST00965,0.00016782777769812343,Low Risk
CUST00966,0.00017547786407967841,Low Risk
CUST00967,0.000295368576374742,Low Risk
CUST00968,0.0002701511366479447,Low Risk
CUST00969,0.00027110854632925624,Low Risk
CUST00970,0.00023304573382881897,Low Risk
CUST00971,0.0001588941657382314,Low Risk
CUST00972,0.0002454402436892095,Low Risk
CUST00973,0.00022899350842726972,Low Risk
CUST00974,0.13684949952554507,Low Risk
CUST00975,0.00020451853977354153,Low Risk
CUST00976,0.11157604779729363,Low Risk
CUST00977,0.00019664329845365736,Low Risk
CUST00978,0.0001854174363385313,Low Risk
CUST00979,0.000387399604333446,Low Risk
CUST00980,0.00022254134824570068,Low Risk
CUST00981,0.0002477977143453236,Low Risk
CUST00982,0.0002675301961370709,Low Risk
CUST00983,0.03263159303106567,Low Risk
CUST00984,0.00018019012172450663,Low Risk
CUST00985,0.00023778561897674645,Low Risk
CUST00986,0.0001703264315413581,Low Risk
CUST00987,0.00036065527016814554,Low Risk
CUST00988,0.00018283367281855798,Low Risk
CUST00989,0.00022555210300461012,Low Risk
CUST00990,0.0005405649805947661,Low Risk
CUST00991,0.0002675289681637356,Low Risk
CUST00992,0.0001529199415565545,Low Risk
CUST00993,0.0003125386708067423,Low Risk
CUST00994,0.0003712161454445502,Low Risk
CUST00995,0.00017650112220010645,Low Risk
CUST00996,0.00044109090687447086,Low Risk
CUST00997,0.00045556253223963427,Low Risk
CUST00998,0.00491846424163829,Low Risk
CUST00999,0.00017851384517804188,Low Risk
CUST01000,0.0001954900847224015,Low Risk
CUST01001,0.0014615608967202555,Low Risk
CUST01002,0.0003526664099087564,Low Risk
CUST01003,0.00040884454083100054,Low Risk
CUST01004,0.00031064504233449644,Low Risk
CUST01005,0.00018629497106208273,Low Risk
CUST01006,0.00018234443696213146,Low Risk
CUST01007,0.000285964697577803,Low Risk
CUST01008,0.00030433504172941087,Low Risk
CUST01009,0.00020833255585227164,Low Risk
CUST01010,0.00018116925200453758,Low Risk
CUST01011,0.0827692167393849,Low Risk
CUST01012,0.00024695122770345085,Low Risk
CUST01013,0.0005932901480085135,Low Risk
CUST01014,0.00020379681232763497,Low Risk
CUST01015,0.0003932649645202079,Low Risk
CUST01016,0.000248976677782774,Low Risk
CUST01017,0.016922475095555514,Low Risk
CUST01018,0.00021577984607031077,Low Risk
CUST01019,0.00025805644282697544,Low Risk
CUST01020,0.00017475106708575146,Low Risk
CUST01021,0.0003224590174115162,Low Risk
CUST01022,0.00020306871665865073,Low Risk
CUST01023,0.0002257593674892565,Low Risk
CUST01024,0.00018326387936531396,Low Risk
CUST01025,0.00024448801231181336,Low Risk
CUST01026,0.12211932866795316,Low Risk
CUST01027,0.00044055689901803855,Low Risk
CUST01028,0.00013707394340062567,Low Risk
CUST01029,0.0002609136558669659,Low Risk
CUST01030,0.0002308424552156364,Low Risk
CUST01031,0.00020932544192576045,Low Risk
CUST01032,0.00016635865262455132,Low Risk
CUST01033,0.00035637435961775383,Low Risk
CUST01034,0.00036496903180376647,Low Risk
CUST01035,0.08554920815622669,Low Risk
CUST01036,0.0002143337306089542,Low Risk
CUST01037,0.00020547705143624773,Low Risk
CUST01038,0.00019957079043621346,Low Risk
CUST01039,0.0003556330181258576,Low Risk
CUST01040,0.00022629607038786897,Low Risk
CUST01041,0.00019222949827871886,Low Risk
CUST01042,0.0002460976324575536,Low Risk
CUST01043,0.6229771904621507,High Risk
CUST01044,0.033373520475384326,Low Risk
CUST01045,0.0002467789824170533,Low Risk
CUST01046,0.00028467312139552736,Low Risk
CUST01047,0.00023824277994622617,Low Risk
CUST01048,0.00024127277937610557,Low Risk
CUST01049,0.00034140881512002055,Low Risk
CUST01050,0.00033960757897330275,Low Risk
CUST01051,0.0004702747578614209,Low Risk
CUST01052,0.00019350404231086854,Low Risk
CUST01053,0.002052805217801575,Low Risk
CUST01054,0.0004283879525783333,Low Risk
CUST01055,0.00042022003835160755,Low Risk
CUST01056,0.00028349977723326325,Low Risk
CUST01057,0.004039031292508349,Low Risk
CUST01058,0.0001855849437272482,Low Risk
CUST01059,0.9614663068924285,High Risk
CUST01060,0.0002298552968488897,Low Risk
CUST01061,0.05019837399060375,Low Risk
CUST01062,0.0004387201222229197,Low Risk
CUST01063,0.00016648239102673063,Low Risk
CUST01064,0.0001753511524217297,Low Risk
CUST01065,0.009668174451561639,Low Risk
CUST01066,0.0001794689895614329,Low Risk
CUST01067,0.0004861439684559291,Low Risk
CUST01068,0.0010203739671297946,Low Risk
CUST01069,0.0005887464817400592,Low Risk
CUST01070,0.055252846598642116,Low Risk
CUST01071,0.024758133388999355,Low Risk
CUST01072,0.00027219012571680525,Low Risk
CUST01073,0.0002287910709024886,Low Risk
CUST01074,0.0002703817528695081,Low Risk
CUST01075,0.0005727262392046463,Low Risk
CUST01076,0.034422740285448346,Low Risk
CUST01077,0.0003104795556327381,Low Risk
CUST01078,0.0014588500553425242,Low Risk
CUST01079,0.0005071548624235645,Low Risk
CUST01080,0.0002647256846076905,Low Risk
CUST01081,0.00020478454711024817,Low Risk
CUST01082,0.00018534301430746632,Low Risk
CUST01083,0.0001861006636232107,Low Risk
CUST01084,0.0002692091172712631,Low Risk
CUST01085,0.00018875367177790322,Low Risk
CUST01086,0.00019934464553404165,Low Risk
CUST01087,0.00020192967675000732,Low Risk
CUST01088,0.0010300205879341523,Low Risk
CUST01089,0.00016791350730222811,Low Risk
CUST01090,0.016581419688818443,Low Risk
CUST01091,0.00024793565809208426,Low Risk
CUST01092,0.0002073871821353807,Low Risk
CUST01093,0.0003563659142467598,Low Risk
CUST01094,0.00018463809597001993,Low Risk
CUST01095,0.0003416975294413566,Low Risk
CUST01096,0.023875732366701242,Low Risk
CUST01097,0.0002607662959770997,Low Risk
CUST01098,0.003068009686948222,Low Risk
CUST01099,0.000280850258129408,Low Risk
CUST01100,0.7000359512714223,High Risk
CUST01101,0.00021162130186984542,Low Risk
CUST01102,0.052052913446037984,Low Risk
CUST01103,0.00028393656461335096,Low Risk
CUST01104,0.00023470755539237916,Low Risk
CUST01105,0.00012912404758050333,Low Risk
CUST01106,0.00025430184154401385,Low Risk
CUST01107,0.0001953564140851268,Low Risk
CUST01108,0.0003943876458419129,Low Risk
CUST01109,0.00018743403489498406,Low Risk
CUST01110,0.00017607201220760948,Low Risk
CUST01111,0.9894322218147027,High Risk
CUST01112,0.00018142242802649585,Low Risk
CUST01113,0.0002486776362022119,Low Risk
CUST01114,0.00016652078335013676,Low Risk
CUST01115,0.00011716434315946031,Low Risk
CUST01116,0.0002658187113388266,Low Risk
CUST01117,0.00025265078407497616,Low Risk
CUST01118,0.0002547767442509028,Low Risk
CUST01119,0.0002180152628465431,Low Risk
CUST01120,0.00028429637273150415,Low Risk
CUST01121,0.02662835519953536,Low Risk
CUST01122,0.00017370659740405394,Low Risk
CUST01123,0.00012923204445413185,Low Risk
CUST01124,0.00021329934042210863,Low Risk
CUST01125,0.00028508652569140023,Low Risk
CUST01126,0.00024079772633349203,Low Risk
CUST01127,0.0003684426746820872,Low Risk
CUST01128,0.034985553196038965,Low Risk
CUST01129,0.00030239591898534475,Low Risk
CUST01130,0.00018512555128679257,Low Risk
CUST01131,0.00028524355901260164,Low Risk
CUST01132,0.0002959996358890438,Low Risk
CUST01133,0.0002183959150257151,Low Risk
CUST01134,0.00018772258206871926,Low Risk
CUST01135,0.00033531523228947876,Low Risk
CUST01136,0.0002434180933109003,Low Risk
CUST01137,0.9910372568974994,High Risk
CUST01138,0.0002774818453333472,Low Risk
CUST01139,0.0004046914727565264,Low Risk
CUST01140,0.00019262514514918697,Low Risk
CUST01141,0.01806214500323256,Low Risk
CUST01142,0.00018920724683408864,Low Risk
CUST01143,0.00031590705734823736,Low Risk
CUST01144,0.00020329999433702715,Low Risk
CUST01145,0.0003108514493761813,Low Risk
CUST01146,0.0007014440985785439,Low Risk
CUST01147,0.00019431170814695646,Low Risk
CUST01148,0.0002461134468703403,Low Risk
CUST01149,0.06867726258373301,Low Risk
CUST01150,0.00026520341340683355,Low Risk
CUST01151,0.00017668047120877428,Low Risk
CUST01152,0.00035386489259660634,Low Risk
CUST01153,0.018147890148890775,Low Risk
CUST01154,0.00030009012620040807,Low Risk
CUST01155,0.0004925300608279487,Low Risk
CUST01156,0.00018798869008443015,Low Risk
CUST01157,0.0003451906304772933,Low Risk
CUST01158,0.0002527909761275654,Low Risk
CUST01159,0.0005509274768726888,Low Risk
CUST01160,0.0003079719562248897,Low Risk
CUST01161,0.00017767144347380077,Low Risk
CUST01162,0.00022599531919622676,Low Risk
CUST01163,0.00020765861750562576,Low Risk
CUST01164,0.00026741652147691284,Low Risk
CUST01165,0.00039621369813658014,Low Risk
CUST01166,0.00021623929974091095,Low Risk
CUST01167,0.00028296022467319613,Low Risk
CUST01168,0.00024424143572317794,Low Risk
CUST01169,0.0002735226532890674,Low Risk
CUST01170,0.0001807485804322189,Low Risk
CUST01171,0.00019478189647770996,Low Risk
CUST01172,0.025898219324655553,Low Risk
CUST01173,0.00017236886502735338,Low Risk
CUST01174,0.0002217937530051017,Low Risk
CUST01175,0.0002961714081718234,Low Risk
CUST01176,0.0002631372408694803,Low Risk
CUST01177,0.0003066132223196006,Low Risk
CUST01178,0.0002706183462888819,Low Risk
CUST01179,0.0002888910052778179,Low Risk
CUST01180,0.0004935603622815444,Low Risk
CUST01181,0.00017169571367679534,Low Risk
CUST01182,0.0013127343773893876,Low Risk
CUST01183,0.000273236992292201,Low Risk
CUST01184,0.0005630450440740951,Low Risk
CUST01185,0.00018565986439084036,Low Risk
CUST01186,0.00021778854229500904,Low Risk
CUST01187,0.0004546382431870076,Low Risk
CUST01188,0.00024755404719027516,Low Risk
CUST01189,0.0001437666654777826,Low Risk
CUST01190,0.00015969079878390072,Low Risk
CUST01191,0.00012842736677972348,Low Risk
CUST01192,0.00022073219408899687,Low Risk
CUST01193,0.00017794813162015316,Low Risk
CUST01194,0.00025376254980403914,Low Risk
CUST01195,0.0001801763734380856,Low Risk
CUST01196,0.00022158127358519247,Low Risk
CUST01197,0.0002976210227896792,Low Risk
CUST01198,0.00021657925515349198,Low Risk
CUST01199,0.0007412628797728027,Low Risk
CUST01200,0.0029153814572270265,Low Risk
CUST01201,0.00018002253386228346,Low Risk
CUST01202,0.0001864771243031078,Low Risk
CUST01203,0.00029120869781779654,Low Risk
CUST01204,0.00019821644434852204,Low Risk
CUST01205,0.19720645331685915,Low Risk
CUST01206,0.0002245386047512462,Low Risk
CUST01207,0.0001823564353277981,Low Risk
CUST01208,0.5811026752066102,Medium Risk
CUST01209,0.00041412877853553193,Low Risk
CUST01210,0.0001804471559991118,Low Risk
CUST01211,0.00020987977877116076,Low Risk
CUST01212,0.0002883561313636527,Low Risk
CUST01213,0.00015769245333441912,Low Risk
CUST01214,0.0002167767304209664,Low Risk
CUST01215,0.00029822162032305604,Low Risk
CUST01216,0.00036980503781335587,Low Risk
CUST01217,0.9832699327525782,High Risk
CUST01218,0.9882701599648032,High Risk
CUST01219,0.9807280082457664,High Risk
CUST01220,0.0002038428455731946,Low Risk
CUST01221,0.00018560858194965383,Low Risk
CUST01222,0.0002520516782874213,Low Risk
CUST01223,0.00018153851138435443,Low Risk
CUST01224,0.00019501419058957334,Low Risk
CUST01225,0.00017387685417395298,Low Risk
CUST01226,0.00030648241989740207,Low Risk
CUST01227,0.00025862924460944784,Low Risk
CUST01228,0.00022354898762249288,Low Risk
CUST01229,0.00048156057443775265,Low Risk
CUST01230,0.00024187881241155212,Low Risk
CUST01231,0.053819642952819616,Low Risk
CUST01232,0.00017313544075731556,Low Risk
CUST01233,0.0003516530279280971,Low Risk
CUST01234,0.0002593155575496677,Low Risk
CUST01235,0.02067377618802488,Low Risk
CUST01236,0.0002915819365373457,Low Risk
CUST01237,0.03426785438036431,Low Risk
CUST01238,0.00012140553199887577,Low Risk
CUST01239,0.00025648116631161804,Low Risk
CUST01240,0.00027080698959223634,Low Risk
CUST01241,0.08414829366430224,Low Risk
CUST01242,0.00020997438947133464,Low Risk
CUST01243,0.0002552983787119547,Low Risk
CUST01244,0.00029279121509220114,Low Risk
CUST01245,0.07585744082357575,Low Risk
CUST01246,0.0001671157205808654,Low Risk
CUST01247,0.0001163814126765792,Low Risk
CUST01248,0.00025979527298987496,Low Risk
CUST01249,0.00029449317234920647,Low Risk
CUST01250,0.0001940545820523464,Low Risk
CUST01251,0.00026650942198142117,Low Risk
CUST01252,0.00019930609608932276,Low Risk
CUST01253,0.8858093240909017,High Risk
CUST01254,0.00031332171448071025,Low Risk
CUST01255,0.03535014974547151,Low Risk
CUST01256,0.00031293646951201264,Low Risk
CUST01257,0.9779026896715175,High Risk
CUST01258,0.0002528385651797776,Low Risk
CUST01259,0.002064788509696892,Low Risk
CUST01260,0.00015544426280498087,Low Risk
CUST01261,0.00042161679825595616,Low Risk
CUST01262,0.0005421459410494704,Low Risk
CUST01263,0.0001834368178438853,Low Risk
CUST01264,0.0001765840730111346,Low Risk
CUST01265,0.0003502038074541711,Low Risk
CUST01266,0.0010880529064383163,Low Risk
CUST01267,0.03175770810141178,Low Risk
CUST01268,0.12232978570304054,Low Risk
CUST01269,0.00017547458251261825,Low Risk
CUST01270,0.00016407474131903125,Low Risk
CUST01271,0.00022535622466940614,Low Risk
CUST01272,0.0002296827389366863,Low Risk
CUST01273,0.00035809994954800507,Low Risk
CUST01274,0.00020861474673304314,Low Risk
CUST01275,0.00017980494053721605,Low Risk
CUST01276,0.00031184904752796545,Low Risk
CUST01277,0.00014942197454389462,Low Risk
CUST01278,0.00023938754015055268,Low Risk
CUST01279,0.0003877027692545269,Low Risk
CUST01280,0.00021390592458154313,Low Risk
CUST01281,0.0002544080879907989,Low Risk
CUST01282,0.00022705040792471917,Low Risk
CUST01283,0.00017929773428020264,Low Risk
CUST01284,0.00018408519609143368,Low Risk
CUST01285,0.00023415403571965104,Low Risk
CUST01286,0.026803757954497572,Low Risk
CUST01287,0.0002642862407502147,Low Risk
CUST01288,0.0003155127673321748,Low Risk
CUST01289,0.000301229930935549,Low Risk
CUST01290,0.00031053231716472724,Low Risk
CUST01291,0.0010230379829195494,Low Risk
CUST01292,0.00026185807256676446,Low Risk
CUST01293,0.0002452012072352419,Low Risk
CUST01294,0.0002411412990016715,Low Risk
CUST01295,0.00017317464676464857,Low Risk
CUST01296,0.0002708318258189422,Low Risk
CUST01297,0.00014901431032797658,Low Risk
CUST01298,0.00017535796916392875,Low Risk
CUST01299,0.0002640698900209836,Low Risk
CUST01300,0.0003899633929605631,Low Risk
CUST01301,0.0004216073267421265,Low Risk
CUST01302,0.00035469473382232844,Low Risk
CUST01303,0.0002805426920554631,Low Risk
CUST01304,0.00026202125257219984,Low Risk
CUST01305,0.0003010576303380365,Low Risk
CUST01306,0.0004975246064014495,Low Risk
CUST01307,0.10051843458747471,Low Risk
CUST01308,0.0003351155878752559,Low Risk
CUST01309,0.0002083692274382366,Low Risk
CUST01310,0.0002369771557908573,Low Risk
CUST01311,0.00033251579506432413,Low Risk
CUST01312,0.00019196973038240265,Low Risk
CUST01313,0.0001978049103602855,Low Risk
CUST01314,0.0003544876951991019,Low Risk
CUST01315,0.00018036622069727532,Low Risk
CUST01316,0.00031538056650221664,Low Risk
CUST01317,0.0002555455345464374,Low Risk
CUST01318,0.0002809105403223038,Low Risk
CUST01319,0.0002148307541108336,Low Risk
CUST01320,0.00025161592583277986,Low Risk
CUST01321,0.0004886000590322711,Low Risk
CUST01322,0.0002462453421976475,Low Risk
CUST01323,0.00021624394503301825,Low Risk
CUST01324,0.0002388551091571148,Low Risk
CUST01325,0.00024104929438876542,Low Risk
CUST01326,0.022261798830861337,Low Risk
CUST01327,0.00042641804001360676,Low Risk
CUST01328,0.00017371259012432546,Low Risk
CUST01329,0.000134031012321869,Low Risk
CUST01330,0.0002583201779112306,Low Risk
CUST01331,0.00019521820433219435,Low Risk
CUST01332,0.00024236871829452734,Low Risk
CUST01333,0.0005280135139818642,Low Risk
CUST01334,0.0789106160969036,Low Risk
CUST01335,0.00020318104065288883,Low Risk
CUST01336,0.00018913022933373657,Low Risk
CUST01337,0.0003508582974398525,Low Risk
CUST01338,0.01137070435753701,Low Risk
CUST01339,0.0001927071350952594,Low Risk
CUST01340,0.0003130808462578915,Low Risk
CUST01341,0.02483237700051455,Low Risk
CUST01342,0.00022069072059206107,Low Risk
CUST01343,0.00015753334379487702,Low Risk
CUST01344,0.0003877097892294664,Low Risk
CUST01345,0.0002855240367480385,Low Risk
CUST01346,0.00044784265941367335,Low Risk
CUST01347,0.00024085410360508036,Low Risk
CUST01348,0.0001845192724491044,Low Risk
CUST01349,0.00022216608808368443,Low Risk
CUST01350,0.00016665634610971695,Low Risk
CUST01351,0.0001341121735135849,Low Risk
CUST01352,0.0002691149141569854,Low Risk
CUST01353,0.000269727457663509,Low Risk
CUST01354,0.00020091860378636042,Low Risk
CUST01355,0.0547257827304359,Low Risk
CUST01356,0.00024380393597502376,Low Risk
CUST01357,0.0003059819347738564,Low Risk
CUST01358,0.000256854180302033,Low Risk
CUST01359,0.0002794885544466502,Low Risk
CUST01360,0.00022460925967123278,Low Risk
CUST01361,0.00027229031642895374,Low Risk
CUST01362,0.0002003760676146077,Low Risk
CUST01363,0.24352832379530348,Low Risk
CUST01364,0.00036575446041130574,Low Risk
CUST01365,0.00017608809400080066,Low Risk
CUST01366,0.00023945541862127425,Low Risk
CUST01367,0.0004517418820844889,Low Risk
CUST01368,0.04404164751490487,Low Risk
CUST01369,0.00036827738689471567,Low Risk
CUST01370,0.1290022130340945,Low Risk
CUST01371,0.00019356725364436442,Low Risk
CUST01372,0.0003044204402469113,Low Risk
CUST01373,0.00022926427296403377,Low Risk
CUST01374,0.00015490655803453472,Low Risk
CUST01375,0.0004795360657665065,Low Risk
CUST01376,0.000308203109368237,Low Risk
CUST01377,0.00024210271503738844,Low Risk
CUST01378,0.000410896451657834,Low Risk
CUST01379,0.00015007156043353098,Low Risk
CUST01380,0.00019894667330354896,Low Risk
CUST01381,0.00021053806317020295,Low Risk
CUST01382,0.0002310074659057483,Low Risk
CUST01383,0.00035781542679840715,Low Risk
CUST01384,0.000278774510105068,Low Risk
CUST01385,0.00017276383774012538,Low Risk
CUST01386,0.0002519884343375625,Low Risk
CUST01387,0.00021776642277445644,Low Risk
CUST01388,0.00035415261322901465,Low Risk
CUST01389,0.00036844053725224556,Low Risk
CUST01390,0.0001697549728870735,Low Risk
CUST01391,0.00028123304314637074,Low Risk
CUST01392,0.0002667628232678925,Low Risk
CUST01393,0.00018950658374286338,Low Risk
CUST01394,0.0004017546109875843,Low Risk
CUST01395,0.0001716884984681801,Low Risk
CUST01396,0.0002620459256755206,Low Risk
CUST01397,0.0002431459673496827,Low Risk
CUST01398,0.0004583116164040101,Low Risk
CUST01399,0.07997787702493829,Low Risk
CUST01400,0.00026535231910337773,Low Risk
CUST01401,0.00017846399181720374,Low Risk
CUST01402,0.0002679691853911369,Low Risk
CUST01403,0.00018943714492790576,Low Risk
CUST01404,0.00018303151905941763,Low Risk
CUST01405,0.00030534585430461446,Low Risk
CUST01406,0.00026312915839614214,Low Risk
CUST01407,0.0001909653329022534,Low Risk
CUST01408,0.00023379901098755345,Low Risk
CUST01409,0.00018170885342242273,Low Risk
CUST01410,0.0002676454989562989,Low Risk
CUST01411,0.0002019352288995679,Low Risk
CUST01412,0.00021716015278725538,Low Risk
CUST01413,0.003949925164901629,Low Risk
CUST01414,0.0002988598585004828,Low Risk
CUST01415,0.0004368115139660172,Low Risk
CUST01416,0.00014986201891153307,Low Risk
CUST01417,0.00027678145695821766,Low Risk
CUST01418,0.00015821435347541807,Low Risk
CUST01419,0.00012667985095129,Low Risk
CUST01420,0.00019346112033725865,Low Risk
CUST01421,0.00023991401502878546,Low Risk
CUST01422,0.00020339396153657628,Low Risk
CUST01423,0.010971258109092259,Low Risk
CUST01424,0.0001849091588397559,Low Risk
CUST01425,0.00013666274120299954,Low Risk
CUST01426,0.0003352278166042379,Low Risk
CUST01427,0.004623931792169293,Low Risk
CUST01428,0.0003024405834281587,Low Risk
CUST01429,0.03752028558222683,Low Risk
CUST01430,0.00017861436038305305,Low Risk
CUST01431,0.0002438058976489041,Low Risk
CUST01432,0.0003157137916313448,Low Risk
CUST01433,0.00026495222122572344,Low Risk
CUST01434,0.0002608834619133125,Low Risk
CUST01435,0.00017541705756155262,Low Risk
CUST01436,0.00038259631007634066,Low Risk
CUST01437,0.07518224043708499,Low Risk
CUST01438,0.0004605886584623233,Low Risk
CUST01439,0.0001736411401357938,Low Risk
CUST01440,0.0001406117430601051,Low Risk
CUST01441,0.00016525188563804963,Low Risk
CUST01442,0.0001718411137146739,Low Risk
CUST01443,0.00023120448991036048,Low Risk
CUST01444,0.0002153536173368663,Low Risk
CUST01445,0.0002470100997648233,Low Risk
CUST01446,0.0002107582722585558,Low Risk
CUST01447,0.000163570221996837,Low Risk
CUST01448,0.00019271022671370788,Low Risk
CUST01449,0.0002377092565682392,Low Risk
CUST01450,0.00023315257015010257,Low Risk
CUST01451,0.00023128204763067615,Low Risk
CUST01452,0.009977014405420292,Low Risk
CUST01453,0.0004947828061365084,Low Risk
CUST01454,0.00027368285236749,Low Risk
CUST01455,0.00017917460162690288,Low Risk
CUST01456,0.2700211410193891,Low Risk
CUST01457,0.000203533890454455,Low Risk
CUST01458,0.00020796896244970443,Low Risk
CUST01459,0.0003750395046838661,Low Risk
CUST01460,0.0002986783553296959,Low Risk
CUST01461,0.00036518396828472756,Low Risk
CUST01462,0.05196030152309891,Low Risk
CUST01463,0.00036583199735596274,Low Risk
CUST01464,0.0005736820655036819,Low Risk
CUST01465,0.00033905518587541657,Low Risk
CUST01466,0.00022053445829799543,Low Risk
CUST01467,0.0002586880548864457,Low Risk
CUST01468,0.0001672586152178728,Low Risk
CUST01469,0.00022388985839924007,Low Risk
CUST01470,0.10868891979632234,Low Risk
CUST01471,0.00022657221967274142,Low Risk
CUST01472,0.26613647465602164,Low Risk
CUST01473,0.0002694754937876699,Low Risk
CUST01474,0.000198138260773745,Low Risk
CUST01475,0.0002650120885552048,Low Risk
CUST01476,0.0002496414603242576,Low Risk
CUST01477,0.00025635649791494355,Low Risk
CUST01478,0.00036108132215236963,Low Risk
CUST01479,0.0004681157113839324,Low Risk
CUST01480,0.00021062261794510474,Low Risk
CUST01481,0.00023934775740247187,Low Risk
CUST01482,0.0002341416770679342,Low Risk
CUST01483,0.000225463038055794,Low Risk
CUST01484,0.0005389702784185182,Low Risk
CUST01485,0.00027711139424038044,Low Risk
CUST01486,0.00015810781355036019,Low Risk
CUST01487,0.00017772954873717625,Low Risk
CUST01488,0.0001969397710402887,Low Risk
CUST01489,0.002464894118540582,Low Risk
CUST01490,0.00021240779714408275,Low Risk
CUST01491,0.06620935719068405,Low Risk
CUST01492,0.00022774672476142213,Low Risk
CUST01493,0.0001797648524142095,Low Risk
CUST01494,0.00030882722989787197,Low Risk
CUST01495,0.00017832420454380433,Low Risk
CUST01496,0.00020897236082920753,Low Risk
CUST01497,0.0002955371309365448,Low Risk
CUST01498,0.0002225332844302663,Low Risk
CUST01499,0.00020519085128740944,Low Risk
CUST01500,0.00039848058260627664,Low Risk
CUST01501,0.0003499983167643115,Low Risk
CUST01502,0.00031415861571806685,Low Risk
CUST01503,0.010873768429722002,Low Risk
CUST01504,0.0001928649646068206,Low Risk
CUST01505,0.0003941166386034194,Low Risk
CUST01506,0.00020942671140300944,Low Risk
CUST01507,0.00032234650704785725,Low Risk
CUST01508,0.00015090676979635217,Low Risk
CUST01509,0.00025487676910757474,Low Risk
CUST01510,0.0002836926032793158,Low Risk
CUST01511,0.5311378447829773,Medium Risk
CUST01512,0.00016283308094194114,Low Risk
CUST01513,0.0003782255619317248,Low Risk
CUST01514,0.0002760031474870657,Low Risk
CUST01515,0.013082976169832599,Low Risk
CUST01516,0.00024605483290028726,Low Risk
CUST01517,0.0002075339283016129,Low Risk
CUST01518,0.00029141676051408255,Low Risk
CUST01519,0.00031090506297357166,Low Risk
CUST01520,0.0003606139302588939,Low Risk
CUST01521,0.026309587604647612,Low Risk
CUST01522,0.00016674914759693763,Low Risk
CUST01523,0.9875565474199387,High Risk
CUST01524,0.5277296482900089,Medium Risk
CUST01525,0.0002092153661300151,Low Risk
CUST01526,0.000460192944876529,Low Risk
CUST01527,0.00026116471820702666,Low Risk
CUST01528,0.00030550546070105497,Low Risk
CUST01529,0.0001795589282361277,Low Risk
CUST01530,0.00024531249379939474,Low Risk
CUST01531,0.39640149856406803,Medium Risk
CUST01532,0.17514797964395254,Low Risk
CUST01533,0.000199046888274782,Low Risk
CUST01534,0.00014006711660648436,Low Risk
CUST01535,0.011244611385978615,Low Risk
CUST01536,0.00023651918324391438,Low Risk
CUST01537,0.00040183465627724436,Low Risk
CUST01538,0.023890245658456766,Low Risk
CUST01539,0.00823076582238764,Low Risk
CUST01540,0.00031578222904001977,Low Risk
CUST01541,0.0001799388790946222,Low Risk
CUST01542,0.06182399218064631,Low Risk
CUST01543,0.00021411490346098265,Low Risk
CUST01544,0.00015566214786784323,Low Risk
CUST01545,0.0014869493121218535,Low Risk
CUST01546,0.0001922498916857543,Low Risk
CUST01547,0.0001952672179918314,Low Risk
CUST01548,0.00020076329019466822,Low Risk
CUST01549,0.00019665253173995517,Low Risk
CUST01550,0.0031774154798730973,Low Risk
CUST01551,0.0003722612161339074,Low Risk
CUST01552,0.00035200048823163133,Low Risk
CUST01553,0.00026830435592535096,Low Risk
CUST01554,0.9816428615905295,High Risk
CUST01555,0.0002000657252954905,Low Risk
CUST01556,0.0003230296390857964,Low Risk
CUST01557,0.0002272888792415322,Low Risk
CUST01558,0.0001475143685515551,Low Risk
CUST01559,0.00024387817857407756,Low Risk
CUST01560,0.0003040474722111599,Low Risk
CUST01561,0.00020226784214975518,Low Risk
CUST01562,0.00034876447965856037,Low Risk
CUST01563,0.0003836749779022164,Low Risk
CUST01564,0.00021542644438334778,Low Risk
CUST01565,0.0002318607625105309,Low Risk
CUST01566,0.0002658452102877154,Low Risk
CUST01567,0.0002624647194911344,Low Risk
CUST01568,0.00031195878155196424,Low Risk
CUST01569,0.0001986102923147561,Low Risk
CUST01570,0.0003995612813399685,Low Risk
CUST01571,0.00012710870048197786,Low Risk
CUST01572,0.00025134379160786754,Low Risk
CUST01573,0.00018352505992524137,Low Risk
CUST01574,0.00023643797543033306,Low Risk
CUST01575,0.01351351954082041,Low Risk
CUST01576,0.00021210565304950266,Low Risk
CUST01577,0.00029325119365415615,Low Risk
CUST01578,0.00043533764201484157,Low Risk
CUST01579,0.0002303619042041399,Low Risk
CUST01580,0.00025031508041374964,Low Risk
CUST01581,0.00025051074662951934,Low Risk
CUST01582,0.00020044012295168754,Low Risk
CUST01583,0.04491759197292983,Low Risk
CUST01584,0.0002141710375286792,Low Risk
CUST01585,0.004674982573403076,Low Risk
CUST01586,0.00016702190632433806,Low Risk
CUST01587,0.0002386343774340974,Low Risk
CUST01588,0.00018641526401717143,Low Risk
CUST01589,0.06249709549101736,Low Risk
CUST01590,0.00010373484305564852,Low Risk
CUST01591,0.0001988921509785101,Low Risk
CUST01592,0.04828893473096065,Low Risk
CUST01593,0.00035616908424448984,Low Risk
CUST01594,0.000218661467130116,Low Risk
CUST01595,0.00015674991297014453,Low Risk
CUST01596,0.0003492227726246758,Low Risk
CUST01597,0.00019739830806096505,Low Risk
CUST01598,0.00025217759329212595,Low Risk
CUST01599,0.000320726502511552,Low Risk
CUST01600,0.000326410350839841,Low Risk
CUST01601,0.000201325154372412,Low Risk
CUST01602,0.11395340554357845,Low Risk
CUST01603,0.0002704214795853225,Low Risk
CUST01604,0.00022705777668431267,Low Risk
CUST01605,0.0004808678488628213,Low Risk
CUST01606,0.0002835701815606549,Low Risk
CUST01607,0.0051869436529531215,Low Risk
CUST01608,0.00020980811379016576,Low Risk
CUST01609,0.0002635285526840094,Low Risk
CUST01610,0.0004234662139144946,Low Risk
CUST01611,0.0001993169164822396,Low Risk
CUST01612,0.00019852137230496792,Low Risk
CUST01613,0.0005465692563341936,Low Risk
CUST01614,0.12626676404559115,Low Risk
CUST01615,0.0006802471540804398,Low Risk
CUST01616,0.0010263132327243752,Low Risk
CUST01617,0.00020717819443916196,Low Risk
CUST01618,0.00023712144834166633,Low Risk
CUST01619,0.20452148580908489,Low Risk
CUST01620,0.01802991116147851,Low Risk
CUST01621,0.0002442916020314236,Low Risk
CUST01622,0.0003454412457708948,Low Risk
CUST01623,0.00010352783087894933,Low Risk
CUST01624,0.0004505187542638449,Low Risk
CUST01625,0.0002177142169323831,Low Risk
CUST01626,0.00027701746426315847,Low Risk
CUST01627,0.0001566719671753821,Low Risk
CUST01628,0.33970292775952865,Medium Risk
CUST01629,0.00011180375765704126,Low Risk
CUST01630,0.00012849529184674703,Low Risk
CUST01631,0.00027922282580778026,Low Risk
CUST01632,0.00011838760500390741,Low Risk
CUST01633,0.0003611460236438863,Low Risk
CUST01634,0.0002484551574756744,Low Risk
CUST01635,0.0004123321076143014,Low Risk
CUST01636,0.00013363892409055863,Low Risk
CUST01637,0.0004102990037955592,Low Risk
CUST01638,0.06093068233767159,Low Risk
CUST01639,0.0002717241080889941,Low Risk
CUST01640,0.07624474989201797,Low Risk
CUST01641,0.00028209255951983087,Low Risk
CUST01642,0.00034198052925929424,Low Risk
CUST01643,0.000794261268754509,Low Risk
CUST01644,0.0001829161049138012,Low Risk
CUST01645,0.00022294261159407747,Low Risk
CUST01646,0.00017566425081548892,Low Risk
CUST01647,0.0004059302627481335,Low Risk
CUST01648,0.00043645353213538914,Low Risk
CUST01649,0.00015918112876959172,Low Risk
CUST01650,0.09892812542609443,Low Risk
CUST01651,0.040000793854990585,Low Risk
CUST01652,0.010429317864929604,Low Risk
CUST01653,0.0004583477574493459,Low Risk
CUST01654,0.09205632899627832,Low Risk
CUST01655,0.0002612760863983768,Low Risk
CUST01656,0.00022789479035160862,Low Risk
CUST01657,0.00016291314345414848,Low Risk
CUST01658,0.00014673742976657335,Low Risk
CUST01659,0.00023347329351406325,Low Risk
CUST01660,0.00035479209165864827,Low Risk
CUST01661,0.00019510869578127604,Low Risk
CUST01662,0.00033644513371448056,Low Risk
CUST01663,0.00040730621134305343,Low Risk
CUST01664,0.00027896171204612116,Low Risk
CUST01665,0.00042224954408867784,Low Risk
CUST01666,0.00027541621819543677,Low Risk
CUST01667,0.00032504723717374133,Low Risk
CUST01668,0.0043955091479908805,Low Risk
CUST01669,0.0009320183169042429,Low Risk
CUST01670,0.00019549768420862456,Low Risk
CUST01671,0.00022610241875242146,Low Risk
CUST01672,0.0002715514504022244,Low Risk
CUST01673,0.0001592486635040538,Low Risk
CUST01674,0.3565029028906458,Medium Risk
CUST01675,0.98727877298205,High Risk
CUST01676,0.00019372175406902272,Low Risk
CUST01677,0.0002609883797952108,Low Risk
CUST01678,0.00023080273485633017,Low Risk
CUST01679,0.0006248881002491503,Low Risk
CUST01680,0.0002168593669948936,Low Risk
CUST01681,0.00023719930686875803,Low Risk
CUST01682,0.175851453426292,Low Risk
CUST01683,0.00031941100011373473,Low Risk
CUST01684,0.8397732080565408,High Risk
CUST01685,0.16694988901755084,Low Risk
CUST01686,0.00029327081455655674,Low Risk
CUST01687,0.0004023107835058399,Low Risk
CUST01688,0.00038017992055803775,Low Risk
CUST01689,9.734937537656964e-05,Low Risk
CUST01690,0.0180194656855043,Low Risk
CUST01691,0.0004395568222767975,Low Risk
CUST01692,0.005139865592100274,Low Risk
CUST01693,0.0002541641992511501,Low Risk
CUST01694,0.0002563026955197061,Low Risk
CUST01695,0.00025176106693119716,Low Risk
CUST01696,0.04035348356347909,Low Risk
CUST01697,0.11500886046397361,Low Risk
CUST01698,0.00021465892667688752,Low Risk
CUST01699,0.042298648720117966,Low Risk
CUST01700,0.0003532243191355078,Low Risk
CUST01701,0.00019326827314092017,Low Risk
CUST01702,0.0002358154010709201,Low Risk
CUST01703,0.0002509610632661573,Low Risk
CUST01704,0.0003175467294283609,Low Risk
CUST01705,0.9809771737426729,High Risk
CUST01706,0.06641520279778781,Low Risk
CUST01707,0.9789938467587439,High Risk
CUST01708,0.00021544310318657306,Low Risk
CUST01709,0.00028691372705986947,Low Risk
CUST01710,0.00030716035063045485,Low Risk
CUST01711,0.0004098548039289324,Low Risk
CUST01712,0.00021108798204560761,Low Risk
CUST01713,0.0003525153490430233,Low Risk
CUST01714,0.0003316452935977461,Low Risk
CUST01715,0.04090401396973329,Low Risk
CUST01716,0.00033481449773880076,Low Risk
CUST01717,0.00021390340031498482,Low Risk
CUST01718,0.00022978028766714587,Low Risk
CUST01719,0.00021515810471137975,Low Risk
CUST01720,0.00033676438847650696,Low Risk
CUST01721,0.00018672239861814658,Low Risk
CUST01722,0.0001735698640703357,Low Risk
CUST01723,0.0002263301736149278,Low Risk
CUST01724,0.0001781879430430097,Low Risk
CUST01725,0.0003248940050173663,Low Risk
CUST01726,0.00014181828018746084,Low Risk
CUST01727,0.00024035961426744517,Low Risk
CUST01728,0.00024855672591752795,Low Risk
CUST01729,0.5482823675746928,Medium Risk
CUST01730,0.5397852159374986,Medium Risk
CUST01731,0.00018431037866879405,Low Risk
CUST01732,0.00020694863954739658,Low Risk
CUST01733,0.0002598823082302286,Low Risk
CUST01734,0.0003407039689130736,Low Risk
CUST01735,0.00016468673963793774,Low Risk
CUST01736,0.00019930973787548058,Low Risk
CUST01737,0.35765555139898897,Medium Risk
CUST01738,0.00021720995165372907,Low Risk
CUST01739,0.00016087915490009376,Low Risk
CUST01740,0.00015217085404375334,Low Risk
CUST01741,0.0002718722581131918,Low Risk
CUST01742,0.000495687896485424,Low Risk
CUST01743,0.00021927098189661125,Low Risk
CUST01744,0.0002639690060005427,Low Risk
CUST01745,0.00022940874747666927,Low Risk
CUST01746,0.0001866934633043104,Low Risk
CUST01747,0.0002784210733505539,Low Risk
CUST01748,0.00019476797855717828,Low Risk
CUST01749,0.0003455239775700424,Low Risk
CUST01750,0.00024173134095327852,Low Risk
CUST01751,0.00018863559595057566,Low Risk
CUST01752,0.0002564213688153911,Low Risk
CUST01753,0.09407875042386744,Low Risk
CUST01754,0.00018564668850948492,Low Risk
CUST01755,0.023239972035698376,Low Risk
CUST01756,0.0002466248493945818,Low Risk
CUST01757,0.0003316137429814642,Low Risk
CUST01758,0.0001954389083071912,Low Risk
CUST01759,0.18675250107345845,Low Risk
CUST01760,0.00017934766916061613,Low Risk
CUST01761,0.0001860991023296484,Low Risk
CUST01762,0.00018666647486315234,Low Risk
CUST01763,0.00021440909814513046,Low Risk
CUST01764,0.0005706162557793756,Low Risk
CUST01765,0.0003348379539617206,Low Risk
CUST01766,0.00029053858928969133,Low Risk
CUST01767,0.0003789904416973801,Low Risk
CUST01768,0.00028078303260887296,Low Risk
CUST01769,0.0003105778707094532,Low Risk
CUST01770,0.00032471490909150204,Low Risk
CUST01771,0.000311305745725836,Low Risk
CUST01772,0.11259034377289757,Low Risk
CUST01773,0.00015857953211284432,Low Risk
CUST01774,0.00017640748985863579,Low Risk
CUST01775,0.00018992521123826025,Low Risk
CUST01776,0.00022023856101233271,Low Risk
CUST01777,0.0005219019511899126,Low Risk
CUST01778,0.0002432356426594268,Low Risk
CUST01779,0.0002191550621729336,Low Risk
CUST01780,0.0001940675481743848,Low Risk
CUST01781,0.0003267772129932733,Low Risk
CUST01782,0.10960610435401055,Low Risk
CUST01783,0.00016717320600446062,Low Risk
CUST01784,0.00018105437493309937,Low Risk
CUST01785,0.000331037538036978,Low Risk
CUST01786,0.009584714976982796,Low Risk
CUST01787,0.0001557989255070379,Low Risk
CUST01788,0.000266067113558606,Low Risk
CUST01789,0.12746155507277812,Low Risk
CUST01790,0.00020356894093779857,Low Risk
CUST01791,0.010959343316070125,Low Risk
CUST01792,0.000167460200463547,Low Risk
CUST01793,0.24829036551906958,Low Risk
CUST01794,0.00039046695261659104,Low Risk
CUST01795,0.00021850060731176162,Low Risk
CUST01796,0.0002891167461812893,Low Risk
CUST01797,0.00016014662697659573,Low Risk
CUST01798,0.000228164529425815,Low Risk
CUST01799,0.00022462892057660075,Low Risk
CUST01800,0.00012140566552025648,Low Risk
CUST01801,0.0002299890256498075,Low Risk
CUST01802,0.00012870109236657262,Low Risk
CUST01803,0.00023906607557628594,Low Risk
CUST01804,0.0003763472890368848,Low Risk
CUST01805,0.00021343354511571522,Low Risk
CUST01806,0.00022363474440802928,Low Risk
CUST01807,0.00022945058696493433,Low Risk
CUST01808,0.04343811163245616,Low Risk
CUST01809,0.00018518799444634766,Low Risk
CUST01810,0.05125424305567427,Low Risk
CUST01811,0.00035560081491799704,Low Risk
CUST01812,0.0003301066929275972,Low Risk
CUST01813,0.06956099101413488,Low Risk
CUST01814,0.007847645968230635,Low Risk
CUST01815,0.06953015420601974,Low Risk
CUST01816,0.022855072444111495,Low Risk
CUST01817,0.00015194302051766212,Low Risk
CUST01818,0.00015665525320050942,Low Risk
CUST01819,0.34841704173800364,Medium Risk
CUST01820,0.00023995661324621454,Low Risk
CUST01821,0.007955564907178156,Low Risk
CUST01822,0.006108684607973551,Low Risk
CUST01823,0.0001450890326276847,Low Risk
CUST01824,0.00014594253042379983,Low Risk
CUST01825,0.000319388989689601,Low Risk
CUST01826,0.00019972314227722598,Low Risk
CUST01827,0.00017210265699661633,Low Risk
CUST01828,0.00031663513552425827,Low Risk
CUST01829,0.00010391271698175494,Low Risk
CUST01830,0.00022527054899405333,Low Risk
CUST01831,0.0002257561520516725,Low Risk
CUST01832,0.0002684542673978672,Low Risk
CUST01833,0.00019964456849021743,Low Risk
CUST01834,0.0003088621605913241,Low Risk
CUST01835,0.00024111420823571498,Low Risk
CUST01836,0.00018742697174122547,Low Risk
CUST01837,0.01926952906758642,Low Risk
CUST01838,0.0002179082416329828,Low Risk
CUST01839,0.013073802537976367,Low Risk
CUST01840,0.00027031038113269035,Low Risk
CUST01841,0.0001721049233838658,Low Risk
CUST01842,0.00036766194840420763,Low Risk
CUST01843,0.00018440855424585575,Low Risk
CUST01844,0.00016545850224306165,Low Risk
CUST01845,0.000237098962156586,Low Risk
CUST01846,0.00019906322076374753,Low Risk
CUST01847,0.00032001269539187006,Low Risk
CUST01848,0.00021616663097903996,Low Risk
CUST01849,0.0002258477905200694,Low Risk
CUST01850,0.00016342222365323304,Low Risk
CUST01851,0.00043537720427583694,Low Risk
CUST01852,0.00016587978919191162,Low Risk
CUST01853,0.00023826880815444864,Low Risk
CUST01854,0.00029586082227002535,Low Risk
CUST01855,0.00036127727013257794,Low Risk
CUST01856,0.00021825948838088654,Low Risk
CUST01857,0.00015279975636067219,Low Risk
CUST01858,0.00015846044023629961,Low Risk
CUST01859,0.0002577660143879687,Low Risk
CUST01860,0.0002956693017390027,Low Risk
CUST01861,0.011965327691133147,Low Risk
CUST01862,0.0003943245930319225,Low Risk
CUST01863,0.00024620683810302763,Low Risk
CUST01864,0.0003557625767478742,Low Risk
CUST01865,0.00026584099686645065,Low Risk
CUST01866,0.0002581828085371872,Low Risk
CUST01867,0.00022504658395758946,Low Risk
CUST01868,0.0018070652131931943,Low Risk
CUST01869,0.00021259491300610283,Low Risk
CUST01870,0.00015540148768809352,Low Risk
CUST01871,0.0002864465813517204,Low Risk
CUST01872,0.00029158633687908483,Low Risk
CUST01873,0.00033069940007685527,Low Risk
CUST01874,0.9673506056550246,High Risk
CUST01875,0.00025873721632427695,Low Risk
CUST01876,0.00024051122930837914,Low Risk
CUST01877,0.03626429663733533,Low Risk
CUST01878,0.00036985746634764265,Low Risk
CUST01879,0.00019218609105589476,Low Risk
CUST01880,0.42539604735366726,Medium Risk
CUST01881,0.00022021848457126023,Low Risk
CUST01882,0.00014050247941095926,Low Risk
CUST01883,0.0004510989618424858,Low Risk
CUST01884,0.00026597866250412886,Low Risk
CUST01885,0.00020452084434774607,Low Risk
CUST01886,0.00014968386795558003,Low Risk
CUST01887,0.00023809548124536394,Low Risk
CUST01888,0.0002478670136745346,Low Risk
CUST01889,0.00020513662150974175,Low Risk
CUST01890,0.06551329469497048,Low Risk
CUST01891,0.00030326086171564135,Low Risk
CUST01892,0.0003681749856728573,Low Risk
CUST01893,0.00032586297764041394,Low Risk
CUST01894,0.0003692931919640572,Low Risk
CUST01895,0.00022881794503322835,Low Risk
CUST01896,0.0003798348691016565,Low Risk
CUST01897,0.0003362391242576353,Low Risk
CUST01898,0.07896834263302219,Low Risk
CUST01899,0.0002986907682367698,Low Risk
CUST01900,0.00023992930625298597,Low Risk
CUST01901,0.00018569938235020808,Low Risk
CUST01902,0.0002936373301736867,Low Risk
CUST01903,0.0004011641020289775,Low Risk
CUST01904,0.00025419844739738056,Low Risk
CUST01905,0.0003549108582373918,Low Risk
CUST01906,0.00024068224758623196,Low Risk
CUST01907,0.07357039169897611,Low Risk
CUST01908,0.01612407463951151,Low Risk
CUST01909,0.00023087069994431387,Low Risk
CUST01910,0.00016613552614790902,Low Risk
CUST01911,0.0003284719814196222,Low Risk
CUST01912,0.0002062722462581558,Low Risk
CUST01913,0.00042816737953711985,Low Risk
CUST01914,0.000195784544501125,Low Risk
CUST01915,0.0002222296335879842,Low Risk
CUST01916,0.0002703186972611358,Low Risk
CUST01917,0.00016935878145414053,Low Risk
CUST01918,0.00028087635983410847,Low Risk
CUST01919,0.43017960315788767,Medium Risk
CUST01920,0.012431146344164402,Low Risk
CUST01921,0.07654707061852517,Low Risk
CUST01922,0.00024030072374670245,Low Risk
CUST01923,0.00029826949898704275,Low Risk
CUST01924,0.0003304864762160599,Low Risk
CUST01925,0.02130924676627858,Low Risk
CUST01926,0.00017006223186497526,Low Risk
CUST01927,0.00021657037208466773,Low Risk
CUST01928,0.0004588370344840265,Low Risk
CUST01929,0.00026679951554221836,Low Risk
CUST01930,0.00022994095321365553,Low Risk
CUST01931,0.0003005957140645531,Low Risk
CUST01932,0.00021240234314144147,Low Risk
CUST01933,0.00029905500604848284,Low Risk
CUST01934,0.1310153565372727,Low Risk
CUST01935,0.00022992829028334853,Low Risk
CUST01936,0.0002897630948744583,Low Risk
CUST01937,0.27967603961308124,Low Risk
CUST01938,0.0002541710058100823,Low Risk
CUST01939,0.9322847186097927,High Risk
CUST01940,0.00023585061154296255,Low Risk
CUST01941,0.0004966856567956164,Low Risk
CUST01942,0.02671008371124076,Low Risk
CUST01943,0.00029503249492556226,Low Risk
CUST01944,0.00018672199328207342,Low Risk
CUST01945,0.0003420091192503977,Low Risk
CUST01946,0.00024108430402447768,Low Risk
CUST01947,0.0003063496429163065,Low Risk
CUST01948,0.00025387023658770717,Low Risk
CUST01949,0.0003098151404221971,Low Risk
CUST01950,0.00019806360568108496,Low Risk
CUST01951,0.003898153969484388,Low Risk
CUST01952,0.0003122532235428439,Low Risk
CUST01953,0.0001767926627022137,Low Risk
CUST01954,0.0001478036793640496,Low Risk
CUST01955,0.9032606643822737,High Risk
CUST01956,0.00019744079359479294,Low Risk
CUST01957,0.00042010786195116785,Low Risk
CUST01958,0.00022405003256580132,Low Risk
CUST01959,0.00019934820325676194,Low Risk
CUST01960,0.02904637999969414,Low Risk
CUST01961,0.0001938565967199383,Low Risk
CUST01962,0.0002292723651655107,Low Risk
CUST01963,0.049574470574972565,Low Risk
CUST01964,0.0004127887376490805,Low Risk
CUST01965,0.00018047621813528295,Low Risk
CUST01966,0.004629575959792983,Low Risk
CUST01967,0.0005502692752149554,Low Risk
CUST01968,0.032004473124847804,Low Risk
CUST01969,0.00026661037777421086,Low Risk
CUST01970,0.0001707323114733828,Low Risk
CUST01971,0.0002959874754614822,Low Risk
CUST01972,0.0002717986010904297,Low Risk
CUST01973,0.0002268375136017548,Low Risk
CUST01974,0.0003409675733770484,Low Risk
CUST01975,0.00033181453064396474,Low Risk
CUST01976,0.042467698128812015,Low Risk
CUST01977,0.09086040020097615,Low Risk
CUST01978,0.0002679603461928312,Low Risk
CUST01979,0.00028730158728936694,Low Risk
CUST01980,0.0003210552852513346,Low Risk
CUST01981,0.00018717110759915078,Low Risk
CUST01982,0.1349283284369683,Low Risk
CUST01983,0.0001719307490135816,Low Risk
CUST01984,0.00024964344666845675,Low Risk
CUST01985,0.0002118173450060368,Low Risk
CUST01986,0.00025984093972449565,Low Risk
CUST01987,0.00022426663334584358,Low Risk
CUST01988,0.0002773723576917483,Low Risk
CUST01989,0.0002354219163221821,Low Risk
CUST01990,0.0004246877028024016,Low Risk
CUST01991,0.0003077603018205402,Low Risk
CUST01992,0.00018631306414355358,Low Risk
CUST01993,0.00016471829234897132,Low Risk
CUST01994,0.0009253881872029361,Low Risk
CUST01995,0.0005136170620983365,Low Risk
CUST01996,0.98825747105308,High Risk
CUST01997,0.0003745884800178951,Low Risk
CUST01998,0.1304339679086402,Low Risk
CUST01999,0.00022001687273000265,Low Risk
CUST02000,0.0056485704308158885,Low Risk
