date,revenue,rolling_7d,rolling_30d,month,dayofweek,is_weekend
2022-01-01,31506.690000000002,,,1,5,1
2022-01-02,52649.65,,,1,6,1
2022-01-03,35935.77,,,1,0,0
2022-01-04,31987.07,,,1,1,0
2022-01-05,38882.66,,,1,2,0
2022-01-06,39678.86,,,1,3,0
2022-01-07,29163.76,37114.922857142854,,1,4,0
2022-01-08,35857.79,37736.508571428574,,1,5,1
2022-01-09,53900.41,37915.188571428575,,1,6,1
2022-01-10,34867.08,37762.51857142857,,1,0,0
2022-01-11,21252.8,36229.05142857143,,1,1,0
2022-01-12,36327.659999999996,35864.05142857142,,1,2,0
2022-01-13,33772.93,35020.34714285714,,1,3,0
2022-01-14,28357.03,34905.1,,1,4,0
2022-01-15,48467.49,36706.485714285714,,1,5,1
2022-01-16,52140.67,36455.09428571428,,1,6,1
2022-01-17,36221.23,36648.544285714284,,1,0,0
2022-01-18,40031.85,39331.26571428571,,1,1,0
2022-01-19,32701.399999999998,38813.228571428575,,1,2,0
2022-01-20,46660.71,40654.340000000004,,1,3,0
2022-01-21,48480.48,43529.118571428575,,1,4,0
2022-01-22,60007.13,45177.638571428564,,1,5,1
2022-01-23,64921.65,47003.49285714286,,1,6,1
2022-01-24,35888.5,46955.96,,1,0,0
2022-01-25,50722.85,48483.24571428571,,1,1,0
2022-01-26,38801.51,49354.689999999995,,1,2,0
2022-01-27,32827.19,47378.47285714286,,1,3,0
2022-01-28,39818.0,46140.975714285705,,1,4,0
2022-01-29,60207.49,46169.59857142856,,1,5,1
2022-01-30,45772.15,43433.955714285716,41260.348666666665,1,6,1
2022-01-31,40555.81,44100.71428571428,41561.986000000004,1,0,0
2022-02-01,33504.89,41641.00571428571,40923.82733333333,2,1,0
2022-02-02,47520.3,42886.54714285715,41309.978333333325,2,2,0
2022-02-03,38264.64,43663.32571428571,41519.23066666667,2,3,0
2022-02-04,47451.97,44753.892857142855,41804.87433333333,2,4,0
2022-02-05,40467.67,41933.91857142857,41831.168,2,5,1
2022-02-06,37849.48,40802.10857142857,42120.692,2,6,1
2022-02-07,39347.090000000004,40629.43428571429,42237.002,2,0,0
2022-02-08,34381.93,40754.72571428572,41586.386000000006,2,1,0
2022-02-09,41503.62,39895.200000000004,41807.60400000001,2,2,0
2022-02-10,33712.89,39244.950000000004,42222.94033333333,2,3,0
2022-02-11,44394.5,38808.16857142857,42491.835,2,4,0
2022-02-12,60368.71,41651.17428571429,43378.361000000004,2,5,1
2022-02-13,46546.96,42893.67142857143,43984.692,2,6,1
2022-02-14,46803.840000000004,43958.92142857143,43929.237,2,0,0
2022-02-15,40916.66,44892.454285714295,43555.103333333325,2,1,0
2022-02-16,40800.97,44792.07571428572,43707.76133333333,2,2,0
2022-02-17,38725.52,45508.16571428572,43664.217,2,3,0
2022-02-18,40790.6,44993.322857142855,43933.856999999996,2,4,0
2022-02-19,42126.63,42387.311428571425,43782.721,2,5,1
2022-02-20,50344.6,42929.83142857143,43844.85833333333,2,6,1
2022-02-21,51283.12,43569.72857142857,43554.058000000005,2,0,0
2022-02-22,37319.13,43055.795714285705,42633.974,2,1,0
2022-02-23,33576.71,42023.758571428574,42556.914333333334,2,2,0
2022-02-24,28449.1,40555.69857142858,41814.456000000006,2,3,0
2022-02-25,38189.62,40184.13,41794.05966666667,2,4,0
2022-02-26,37559.46,39531.677142857145,41951.802,2,5,1
2022-02-27,69583.94,42280.154285714285,42944.0,2,6,1
2022-02-28,24693.9,38481.694285714286,41760.21366666666,2,0,0
2022-03-01,33566.42,37945.59285714285,41353.356,3,1,0
2022-03-02,27035.96,37011.2,40902.69433333333,3,2,0
2022-03-03,30532.19,37308.78428571428,40803.60433333334,3,3,0
2022-03-04,49759.68,38961.65,40878.25033333334,3,4,0
2022-03-05,59029.22,42028.758571428574,41570.403,3,5,1
2022-03-06,58127.020000000004,40392.055714285714,41926.238,3,6,1
2022-03-07,42902.95,42993.34857142857,42007.414,3,0,0
2022-03-08,34518.93,43129.42142857143,41896.39566666667,3,1,0
2022-03-09,35518.51,44341.21428571428,41768.776333333335,3,2,0
2022-03-10,47995.56,46835.98142857143,42222.564,3,3,0
2022-03-11,34631.4,44674.798571428575,41993.49,3,4,0
2022-03-12,59261.340000000004,44707.95857142857,42845.104999999996,3,5,1
2022-03-13,48358.840000000004,43312.50428571428,42977.24966666666,3,6,1
2022-03-14,43313.840000000004,43371.20285714286,42408.754,3,0,0
2022-03-15,36990.82,43724.33,42090.216,3,1,0
2022-03-16,38010.590000000004,44080.34142857143,41797.10766666666,3,2,0
2022-03-17,35170.82,42248.235714285714,41605.57966666667,3,3,0
2022-03-18,34900.68,42286.704285714295,41408.90333333333,3,4,0
2022-03-19,61585.12,42618.67285714286,42170.89000000001,3,5,1
2022-03-20,51423.33,43056.45714285714,42525.31433333333,3,6,1
2022-03-21,44222.36,43186.24571428572,42595.172000000006,3,0,0
2022-03-22,42922.39,44033.612857142856,42347.765,3,1,0
2022-03-23,43405.159999999996,44804.26571428571,42085.166333333334,3,2,0
2022-03-24,44600.33,46151.33857142857,42327.873,3,3,0
2022-03-25,43863.47,47431.73714285714,42670.76500000001,3,4,0
2022-03-26,57720.7,46879.677142857145,43646.485,3,5,1
2022-03-27,47482.68,46316.72714285715,43956.25366666667,3,6,1
2022-03-28,37318.55,45330.468571428566,43948.223333333335,3,0,0
2022-03-29,40198.89,44941.397142857146,42968.721666666665,3,1,0
2022-03-30,42358.06,44791.811428571425,43557.527,3,2,0
2022-03-31,32472.57,43059.27428571428,43521.06533333334,3,3,0
2022-04-01,31709.47,41322.98857142857,43676.849,4,4,0
2022-04-02,50758.27,40328.35571428571,44351.051666666666,4,5,1
2022-04-03,56678.33,41642.020000000004,44581.67333333333,4,6,1
2022-04-04,33021.07,41028.09428571429,43714.735,4,0,0
2022-04-05,28579.84,39368.229999999996,42729.829000000005,4,1,0
2022-04-06,35241.51,38351.58,42474.447666666674,4,2,0
2022-04-07,33147.64,38448.01857142857,42428.738,4,3,0
2022-04-08,37388.75,39259.34428571429,42491.07933333333,4,4,0
2022-04-09,51216.78,39324.845714285715,42598.45333333334,4,5,1
2022-04-10,58719.61,39616.45714285714,43401.39366666667,4,6,1
2022-04-11,37752.68,40292.40142857143,42684.43833333334,4,0,0
2022-04-12,30596.36,40580.47571428572,42092.35566666666,4,1,0
2022-04-13,43926.32,41821.16285714286,42112.77166666666,4,2,0
2022-04-14,26412.1,40858.94285714285,41760.14766666667,4,3,0
2022-04-15,20184.010000000002,38401.12285714286,41165.92833333334,4,4,0
2022-04-16,41663.44,37036.36,41382.349,4,5,1
2022-04-17,46359.96,35270.69571428571,41764.325,4,6,1
2022-04-18,34636.52,34825.530000000006,40866.03833333333,4,0,0
2022-04-19,39765.58,36135.41857142857,40477.44666666667,4,1,0
2022-04-20,42956.22,35996.83285714286,40435.242,4,2,0
2022-04-21,31531.420000000002,36728.16428571429,40055.543,4,3,0
2022-04-22,38845.15,39394.041428571436,39903.54266666667,4,4,0
2022-04-23,45643.92,39962.68142857143,39938.329000000005,4,5,1
2022-04-24,50790.8,40595.65857142857,40169.24,4,6,1
2022-04-25,50559.95,42870.434285714284,39930.54833333333,4,0,0
2022-04-26,38902.99,42747.20714285714,39644.558666666664,4,1,0
2022-04-27,26589.54,40409.11,39286.925,4,2,0
2022-04-28,27249.25,39797.37142857142,38855.270333333334,4,3,0
2022-04-29,38442.85,39739.9,38724.76333333333,4,4,0
2022-04-30,50499.01,40433.48428571429,39325.64466666666,4,5,1
2022-05-01,43882.67,39446.60857142857,39731.418,5,6,1
2022-05-02,29351.22,36416.78999999999,39017.84966666667,5,0,0
2022-05-03,41075.1,36727.091428571424,38497.742,5,1,0
2022-05-04,27660.07,36880.02428571428,38319.042,5,2,0
2022-05-05,42691.6,39086.07428571428,38789.434,5,3,0
2022-05-06,51032.37,40884.577142857146,39315.795999999995,5,4,0
2022-05-07,53454.31,41306.76285714285,39992.685000000005,5,5,1
2022-05-08,60554.05,43688.38857142858,40764.86166666667,5,6,1
2022-05-09,33898.35,44337.97857142857,40187.58066666666,5,0,0
2022-05-10,40442.08,44247.54714285715,39578.329666666665,5,1,0
2022-05-11,44220.7,46613.351428571434,39793.93033333333,5,2,0
2022-05-12,39305.81,46129.66714285715,40084.24533333334,5,3,0
2022-05-13,49798.770000000004,45953.438571428575,40279.99366666667,5,4,0
2022-05-14,58685.15,46700.70142857143,41355.761999999995,5,5,1
2022-05-15,63981.65,47190.35857142857,42815.683333333334,5,6,1
2022-05-16,37148.19,47654.62142857143,42665.175,5,0,0
2022-05-17,30988.81,46304.154285714285,42152.80333333334,5,1,0
2022-05-18,41784.71,45956.15571428571,42391.07633333334,5,2,0
2022-05-19,47763.29,47164.36714285715,42657.666666666664,5,3,0
2022-05-20,46709.39,46723.02714285714,42782.772333333334,5,4,0
2022-05-21,62523.53,47271.36714285715,43815.84266666667,5,5,1
2022-05-22,62122.23,47005.73571428571,44591.74533333333,5,6,1
2022-05-23,42624.35,47788.044285714284,44491.093,5,0,0
2022-05-24,38724.71,48893.172857142854,44088.89,5,1,0
2022-05-25,30761.82,47318.474285714285,43428.952333333335,5,2,0
2022-05-26,44958.99,46917.85999999999,43630.819,5,3,0
2022-05-27,32949.81,44952.205714285716,43842.827999999994,5,4,0
2022-05-28,59679.38,44545.898571428566,44923.83233333333,5,5,1
2022-05-29,57220.95,43845.71571428572,45549.769,5,6,1
2022-05-30,52352.5,45235.451428571425,45611.552,5,0,0
2022-05-31,50266.05,46884.21428571428,45824.33133333333,5,1,0
2022-06-01,33201.2,47232.69714285714,45952.664,6,2,0
2022-06-02,43764.03,47061.98857142857,46042.295000000006,6,3,0
2022-06-03,27223.73,46243.97714285715,46027.75033333334,6,4,0
2022-06-04,53458.19,45355.235714285714,46386.636666666665,6,5,1
2022-06-05,63230.25,46213.70714285714,46793.23266666666,6,6,1
2022-06-06,33880.55,43574.857142857145,46140.774,6,0,0
2022-06-07,35015.58,41396.21857142857,45289.49166666667,6,1,0
2022-06-08,40208.15,42397.21142857143,45499.818333333336,6,2,0
2022-06-09,28353.92,40195.76714285714,45096.87966666667,6,3,0
2022-06-10,45637.55,42826.31285714286,45144.108,6,4,0
2022-06-11,46981.65,41901.09285714286,45399.969333333334,6,5,1
2022-06-12,59455.09,41361.78428571428,45721.846666666665,6,6,1
2022-06-13,42270.6,42560.362857142856,45174.695,6,0,0
2022-06-14,44950.840000000004,43979.68571428571,44540.33466666667,6,1,0
2022-06-15,33759.89,43058.50571428572,44427.39133333333,6,2,0
2022-06-16,33576.4,43804.57428571428,44513.64433333333,6,3,0
2022-06-17,44194.22,43598.38428571429,44593.96133333333,6,4,0
2022-06-18,56467.46,44953.5,44884.100333333336,6,5,1
2022-06-19,54582.2,44257.37285714286,45146.52733333334,6,6,1
2022-06-20,43147.55,44382.65142857144,44500.66133333334,6,0,0
2022-06-21,42306.93,44004.950000000004,43840.151333333335,6,1,0
2022-06-22,33951.11,44032.26714285714,43551.043333333335,6,2,0
2022-06-23,29503.49,43450.42285714286,43243.66933333334,6,3,0
2022-06-24,38842.89,42685.94714285714,43513.03833333333,6,4,0
2022-06-25,49394.88,41675.57857142857,43660.901333333335,6,5,1
2022-06-26,49833.86,40997.24428571428,44223.703,6,6,1
2022-06-27,33848.4,39668.794285714284,43362.67033333333,6,0,0
2022-06-28,53231.26,41229.41285714286,43229.68066666667,6,1,0
2022-06-29,30236.6,40698.76857142857,42492.484000000004,6,2,0
2022-06-30,23057.030000000002,39777.845714285715,41585.51666666667,6,3,0
2022-07-01,37443.56,39577.94142857142,41726.92866666667,7,4,0
2022-07-02,40745.26,38342.281428571434,41626.303,7,5,1
2022-07-03,54886.65,39064.10857142857,42548.40033333333,7,6,1
2022-07-04,33955.62,39079.42571428571,41898.31466666667,7,0,0
2022-07-05,46261.74,38083.77999999999,41332.697666666674,7,1,0
2022-07-06,28812.45,37880.33,41163.761000000006,7,2,0
2022-07-07,40282.89,40341.16714285714,41339.337999999996,7,3,0
2022-07-08,38684.79,40518.48571428571,41288.55933333333,7,4,0
2022-07-09,61178.82,43437.565714285716,42382.72266666666,7,5,1
2022-07-10,52335.15,43073.06571428571,42605.976,7,6,1
2022-07-11,39535.42,43870.18,42357.76833333333,7,0,0
2022-07-12,30238.23,41581.107142857145,41383.87300000001,7,1,0
2022-07-13,47691.43,44278.10428571428,41564.56733333333,7,2,0
2022-07-14,41294.42,44422.608571428565,41442.68666666666,7,3,0
2022-07-15,40410.9,44669.19571428571,41664.387,7,4,0
2022-07-16,49474.659999999996,42997.172857142854,42194.329000000005,7,5,1
2022-07-17,47333.72,42282.682857142856,42298.979,7,6,1
2022-07-18,40541.63,42426.427142857145,41768.118,7,0,0
2022-07-19,34644.68,43055.92,41103.534,7,1,0
2022-07-20,42886.82,42369.54714285715,41094.843,7,2,0
2022-07-21,34410.87,41386.18285714286,40831.640999999996,7,3,0
2022-07-22,29582.75,39839.30428571429,40686.028999999995,7,4,0
2022-07-23,54546.23,40563.81428571429,41520.787,7,5,1
2022-07-24,51664.96,41182.56285714286,41948.18933333333,7,6,1
2022-07-25,34624.27,40337.22571428572,41455.83566666666,7,0,0
2022-07-26,40924.92,41234.40285714286,41158.87100000001,7,1,0
2022-07-27,49652.88,42200.98285714286,41685.687,7,2,0
2022-07-28,41024.86,43145.83857142857,41278.80700000001,7,3,0
2022-07-29,33177.76,43659.41142857143,41376.84566666667,7,4,0
2022-07-30,55125.04,43742.09857142857,42445.77933333333,7,5,1
2022-07-31,53270.06,43971.398571428566,42973.32933333333,7,6,1
2022-08-01,38539.13,44530.66428571429,42899.791666666664,8,0,0
2022-08-02,30501.74,43041.638571428564,42086.96133333333,8,1,0
2022-08-03,38671.18,41472.82428571429,42244.14666666666,8,2,0
2022-08-04,35175.74,40637.235714285714,41874.61333333333,8,3,0
2022-08-05,42622.159999999996,41986.43571428571,42334.937,8,4,0
2022-08-06,51312.33,41441.76285714285,42702.585,8,5,1
2022-08-07,57074.21,41985.212857142855,43315.56566666667,8,6,1
2022-08-08,40053.42,42201.53999999999,42611.38566666666,8,0,0
2022-08-09,27371.09,41754.30428571429,41779.25033333334,8,1,0
2022-08-10,49897.63,43358.08285714286,42124.65733333333,8,2,0
2022-08-11,42263.02,44370.55142857142,42525.48366666666,8,3,0
2022-08-12,36657.77,43518.49571428571,42157.69499999999,8,4,0
2022-08-13,45244.28,42651.631428571425,42289.356999999996,8,5,1
2022-08-14,53668.93,42165.16285714286,42731.291333333334,8,6,1
2022-08-15,36794.96,41699.66857142857,42308.634666666665,8,0,0
2022-08-16,46515.93,44434.64571428572,42281.375,8,1,0
2022-08-17,42337.65,43354.64857142857,42341.24233333333,8,2,0
2022-08-18,50420.08,44519.94285714285,42867.089,8,3,0
2022-08-19,32006.86,43855.527142857136,42504.42366666666,8,4,0
2022-08-20,54008.4,45107.544285714284,43157.674666666666,8,5,1
2022-08-21,42261.16,43477.86285714286,43580.28833333333,8,6,1
2022-08-22,29591.17,42448.75,42748.453,8,0,0
2022-08-23,29051.7,39953.86,41994.67766666667,8,1,0
2022-08-24,36985.03,39189.200000000004,42073.36966666667,8,2,0
2022-08-25,38903.35,37543.95285714285,42005.98399999999,8,3,0
2022-08-26,39602.73,38629.077142857146,41670.97900000001,8,4,0
2022-08-27,49426.34,37974.49714285714,41951.02833333333,8,5,1
2022-08-28,66933.01,41499.04714285715,43076.20333333333,8,6,1
2022-08-29,33747.17,42092.76142857142,42363.60766666666,8,0,0
2022-08-30,43109.36,44100.99857142857,42024.91766666667,8,1,0
2022-08-31,35245.1,43852.43714285714,41915.11666666667,8,2,0
2022-09-01,40888.19,44135.98571428571,42261.331666666665,9,3,0
2022-09-02,48941.69,45470.12285714286,42603.682,9,4,0
2022-09-03,60967.44,47118.851428571434,43463.40533333333,9,5,1
2022-09-04,53932.35,45261.61428571429,43840.41166666667,9,6,1
2022-09-05,31337.97,44917.44285714285,43174.59966666667,9,0,0
2022-09-06,42713.93,44860.95285714285,42695.92366666666,9,1,0
2022-09-07,33094.5,44553.724285714285,42463.95966666667,9,2,0
2022-09-08,28403.02,42770.12857142858,42498.35733333333,9,3,0
2022-09-09,52890.53,43334.24857142857,42598.12066666666,9,4,0
2022-09-10,42640.94,40716.177142857145,42610.718,9,5,1
2022-09-11,59802.23,41554.73142857143,43382.2,9,6,1
2022-09-12,44002.82,43363.99571428571,43340.818,9,0,0
2022-09-13,25149.64,40854.811428571425,42390.175,9,1,0
2022-09-14,42931.479999999996,42260.09428571429,42594.725666666665,9,2,0
2022-09-15,37011.89,43489.932857142856,42277.924333333336,9,3,0
2022-09-16,54294.4,43690.485714285714,42676.48266666666,9,4,0
2022-09-17,42229.47,43631.70428571429,42403.46233333334,9,5,1
2022-09-18,49237.73,42122.49,42977.82466666667,9,6,1
2022-09-19,43711.64,42080.892857142855,42634.59933333333,9,0,0
2022-09-20,41363.83,44397.205714285716,42604.68833333334,9,1,0
2022-09-21,38383.66,43747.51714285714,42897.77133333333,9,2,0
2022-09-22,44469.68,44812.91571428571,43411.704,9,3,0
2022-09-23,39196.28,42656.04142857143,43485.41233333333,9,4,0
2022-09-24,48377.51,43534.33285714286,43801.21766666667,9,5,1
2022-09-25,41451.64,42422.03428571428,43862.848,9,6,1
2022-09-26,35864.23,41300.97571428572,43410.77766666667,9,0,0
2022-09-27,30412.68,39736.525714285715,42193.433333333334,9,1,0
2022-09-28,47179.97,40993.14142857143,42641.193333333336,9,2,0
2022-09-29,28255.18,38676.78428571428,42146.054000000004,9,3,0
2022-09-30,35102.44,38091.950000000004,42141.29866666666,9,4,0
2022-10-01,63927.91,40313.43571428571,42909.289333333334,10,5,1
2022-10-02,99399.8,48591.74428571429,44591.22633333333,10,6,1
2022-10-03,55638.33,51416.61571428572,44413.58933333334,10,0,0
2022-10-04,56695.29,55171.27428571428,44505.687333333335,10,1,0
2022-10-05,57301.51,56617.20857142857,45371.13866666667,10,2,0
2022-10-06,52895.85,60137.30428571429,45710.536,10,3,0
2022-10-07,60842.04,63814.39000000001,46635.454000000005,10,4,0
2022-10-08,80256.59,66147.05857142857,48363.90633333334,10,5,1
2022-10-09,62126.2,60822.258571428574,48671.762,10,6,1
2022-10-10,53573.16,60527.23428571429,49036.16933333334,10,0,0
2022-10-11,57302.48,60613.97571428572,48952.844333333334,10,1,0
2022-10-12,70713.22,62529.93428571429,49843.191,10,2,0
2022-10-13,73385.55,65457.03428571429,51451.05466666666,10,3,0
2022-10-14,57557.8,64987.857142857145,51938.598666666665,10,4,0
2022-10-15,64993.83,62807.46285714286,52871.33,10,5,1
2022-10-16,63916.47,63063.21571428572,53192.06566666668,10,6,1
2022-10-17,75677.27,66220.94571428571,54306.992333333335,10,0,0
2022-10-18,47841.15,64869.327142857146,54260.439666666665,10,1,0
2022-10-19,34318.16,59670.03285714286,53947.32366666667,10,2,0
2022-10-20,69382.56,59098.177142857145,54881.28133333333,10,3,0
2022-10-21,63498.6,59946.862857142856,55718.446,10,4,0
2022-10-22,88317.24,63278.778571428564,57180.03133333334,10,5,1
2022-10-23,78145.04,65311.43142857143,58478.32333333334,10,6,1
2022-10-24,53227.47,62104.31714285714,58639.98866666667,10,0,0
2022-10-25,48873.78,62251.83571428571,58887.39333333333,10,1,0
2022-10-26,76331.42,68253.73,60236.299666666666,10,2,0
2022-10-27,66748.35,67877.41428571429,61447.48866666667,10,3,0
2022-10-28,63710.09,67907.62714285715,61998.492666666665,10,4,0
2022-10-29,82772.09,67115.46285714286,63815.723,10,5,1
2022-10-30,66095.44,65394.09142857143,64848.823,10,6,1
2022-10-31,70789.06999999999,67902.89142857143,65077.528333333335,10,0,0
2022-11-01,48900.94,67906.77142857142,63394.233,11,1,0
2022-11-02,65274.22,66327.17142857143,63715.429333333326,11,2,0
2022-11-03,81814.46,68479.47285714284,64552.73499999999,11,3,0
2022-11-04,50489.0,66590.74571428572,64325.651333333335,11,4,0
2022-11-05,55068.57,62633.1,64398.075333333334,11,5,1
2022-11-06,82680.15,65002.34428571429,65126.01233333334,11,6,1
2022-11-07,54411.63,62662.71000000001,64264.513666666666,11,0,0
2022-11-08,62548.19,64612.317142857144,64278.579999999994,11,1,0
2022-11-09,54458.56,63067.22285714286,64308.09333333334,11,2,0
2022-11-10,60289.93,59992.28999999999,64407.675,11,3,0
2022-11-11,52612.87,60295.700000000004,63804.33,11,4,0
2022-11-12,76928.82,63418.59285714286,63922.439,11,5,1
2022-11-13,85246.28,63785.18285714286,64845.38833333333,11,6,1
2022-11-14,51821.29,63415.13428571429,64406.30366666666,11,0,0
2022-11-15,67411.59,64109.90571428571,64522.80766666667,11,1,0
2022-11-16,49481.76,63398.934285714284,63649.623999999996,11,2,0
2022-11-17,61153.6,63522.315714285716,64093.37233333333,11,3,0
2022-11-18,44297.2,62334.36285714286,64426.007,11,4,0
2022-11-19,88734.8,64020.93142857143,65071.081666666665,11,5,1
2022-11-20,67610.24,61501.49714285714,65208.13633333333,11,6,1
2022-11-21,67115.81,63686.42857142857,64501.422,11,0,0
2022-11-22,75644.22,64862.51857142857,64418.06133333333,11,1,0
2022-11-23,55779.18,65762.15000000001,64503.11833333333,11,2,0
2022-11-24,54342.22,64789.095714285715,64685.399666666664,11,3,0
2022-11-25,59215.13,66920.22857142857,64114.85666666667,11,4,0
2022-11-26,74791.21,64928.287142857145,64382.952,11,5,1
2022-11-27,81279.58,66881.05,64968.60166666667,11,6,1
2022-11-28,72271.17,67617.53,64618.570999999996,11,0,0
2022-11-29,54702.77,64625.894285714276,64238.81533333333,11,1,0
2022-11-30,64215.67,65831.10714285714,64019.702000000005,11,2,0
2022-12-01,52704.04,65597.08142857143,64146.472,12,3,0
2022-12-02,64285.32,66321.39428571428,64113.50866666667,12,4,0
2022-12-03,52613.01,63153.08,63140.127,12,5,1
2022-12-04,78787.14,62797.01714285714,64083.39833333334,12,6,1
2022-12-05,72760.69,62866.94857142858,64673.13566666667,12,0,0
2022-12-06,46431.55,61685.34571428572,63464.849,12,1,0
2022-12-07,70350.83,62561.79714285714,63996.155666666666,12,2,0
2022-12-08,62820.770000000004,64007.044285714284,64005.24166666667,12,3,0
2022-12-09,59493.7,63322.52714285714,64173.07966666667,12,4,0
2022-12-10,85995.97,68091.52142857143,65029.947666666674,12,5,1
2022-12-11,69517.97,66767.35428571429,65593.451,12,6,1
2022-12-12,61776.01,65198.11428571429,65088.35733333333,12,0,0
2022-12-13,49356.17,65615.91714285714,63892.020333333334,12,1,0
2022-12-14,69672.27,65518.979999999996,64487.053,12,2,0
2022-12-15,51737.6,63935.67,63964.58666666667,12,3,0
2022-12-16,48549.79,62372.25428571429,63933.52099999999,12,4,0
2022-12-17,72760.92,60481.53285714286,64320.43166666667,12,5,1
2022-12-18,78348.26,61743.00285714286,65455.467,12,6,1
2022-12-19,69257.65,62811.80857142857,64806.22866666667,12,0,0
2022-12-20,64934.63,65037.30285714286,64717.04166666667,12,1,0
2022-12-21,50970.1,62365.56428571428,64178.85133333333,12,2,0
2022-12-22,49005.840000000004,61975.31285714286,63290.905333333336,12,3,0
2022-12-23,69257.63,64933.57571428571,63740.187,12,4,0
2022-12-24,83368.99,66449.01428571428,64707.746,12,5,1
2022-12-25,61139.270000000004,63990.58714285714,64771.884,12,6,1
2022-12-26,50112.9,61255.622857142866,63949.273666666675,12,0,0
2022-12-27,64241.65,61156.625714285714,63381.34266666667,12,1,0
2022-12-28,73138.97,64323.60714285715,63410.26933333334,12,2,0
2022-12-29,54405.44,65094.978571428575,63400.35833333333,12,3,0
2022-12-30,50966.57,62481.97000000001,62958.721666666665,12,4,0
2022-12-31,81302.72,62186.78857142857,63912.01099999999,12,5,1
2023-01-01,49809.71,60568.280000000006,63429.490666666665,1,6,1
2023-01-02,28097.32,57423.19714285714,62612.301,1,0,0
2023-01-03,44619.04,54619.967142857146,61473.36433333333,1,1,0
2023-01-04,36515.0,49387.97142857143,60265.174666666666,1,2,0
2023-01-05,32791.55,46300.27285714285,59810.508,1,3,0
2023-01-06,34283.06,43916.91428571428,58608.249,1,4,0
2023-01-07,43968.87,38583.50714285714,57979.852333333336,1,5,1
2023-01-08,53575.74,39121.51142857143,57782.58700000001,1,6,1
2023-01-09,38997.090000000004,40678.62142857142,56215.95766666667,1,0,0
2023-01-10,43081.66,40458.99571428571,55334.74733333333,1,1,0
2023-01-11,37077.61,40539.368571428575,54511.467333333334,1,2,0
2023-01-12,42334.68,41902.67285714286,54277.41766666667,1,3,0
2023-01-13,63657.63,46099.04,54076.92966666666,1,4,0
2023-01-14,48510.4,46747.83,53969.35633333333,1,5,1
2023-01-15,58353.46,47430.361428571436,54296.145333333334,1,6,1
2023-01-16,27445.42,45780.12285714286,52785.628666666664,1,0,0
2023-01-17,35892.56,44753.108571428565,51370.43866666666,1,1,0
2023-01-18,31720.72,43987.83857142857,50119.20766666667,1,2,0
2023-01-19,46610.4,44598.65571428571,49508.4,1,3,0
2023-01-20,30852.55,39912.21571428572,48837.814999999995,1,4,0
2023-01-21,57574.88,41207.14142857143,49123.44966666667,1,5,1
2023-01-22,48866.49,39851.86,48443.745,1,6,1
2023-01-23,44264.61,42254.601428571434,47140.265666666666,1,0,0
2023-01-24,37124.61,42430.60857142857,46339.777,1,1,0
2023-01-25,36652.44,43135.14,45891.094999999994,1,2,0
2023-01-26,33167.95,41214.78999999999,44855.305,1,3,0
2023-01-27,39034.380000000005,42383.62285714286,43718.48533333334,1,4,0
2023-01-28,56826.58,42276.72285714286,43799.19000000001,1,5,1
2023-01-29,66136.03,44743.799999999996,44304.83866666667,1,6,1
2023-01-30,34220.88,43308.98142857143,42735.444,1,0,0
2023-01-31,33826.47,42837.81857142857,42202.66933333334,1,1,0
2023-02-01,31188.49,42057.25428571428,42305.708333333336,2,2,0
2023-02-02,32109.46,41906.04142857143,41888.72233333333,2,3,0
2023-02-03,23207.28,39645.02714285714,41445.13166666667,2,4,0
2023-02-04,66993.07,41097.38285714285,42585.18233333333,2,5,1
2023-02-05,35321.89,36695.362857142856,42619.80999999999,2,6,1
2023-02-06,30963.45,36230.01571428571,42186.296,2,0,0
2023-02-07,42757.409999999996,37505.864285714284,41825.685000000005,2,1,0
2023-02-08,35822.33,38167.84142857143,41719.85966666667,2,2,0
2023-02-09,50300.82,40766.607142857145,41960.49833333333,2,3,0
2023-02-10,40763.73,43274.67142857143,42083.36899999999,2,4,0
2023-02-11,41887.840000000004,39688.21,42068.47433333333,2,5,1
2023-02-12,43342.5,40834.01142857143,41391.30333333334,2,6,1
2023-02-13,34182.87,41293.92857142857,40913.719000000005,2,0,0
2023-02-14,50668.3,42424.055714285714,40657.547,2,1,0
2023-02-15,34691.73,42262.541428571436,40899.09066666667,2,2,0
2023-02-16,35540.58,40153.93571428571,40887.358,2,3,0
2023-02-17,30776.14,38727.137142857144,40855.872,2,4,0
2023-02-18,50833.96,40005.154285714285,40996.65733333333,2,5,1
2023-02-19,54624.299999999996,41616.840000000004,41789.049000000006,2,6,1
2023-02-20,39222.32,42336.76142857143,41177.297,2,0,0
2023-02-21,26401.54,38870.08142857143,40428.46533333333,2,1,0
2023-02-22,44784.87,40311.95857142857,40445.80733333334,2,2,0
2023-02-23,44425.14,41581.18142857143,40689.15833333333,2,3,0
2023-02-24,30780.12,41581.75,40493.41433333334,2,4,0
2023-02-25,47969.17,41172.49428571428,40986.78833333334,2,5,1
2023-02-26,54370.99,41136.307142857135,41498.00866666667,2,6,1
2023-02-27,38460.63,41027.49428571428,40885.81033333333,2,0,0
2023-02-28,28424.74,41316.52285714285,39628.76733333333,2,1,0
2023-03-01,37905.79,40333.79714285715,39751.59766666666,3,2,0
2023-03-02,44203.82,40302.18,40097.509333333335,3,3,0
2023-03-03,37288.68,41231.974285714285,40300.849,3,4,0
2023-03-04,50918.75,41653.34285714286,40927.825333333334,3,5,1
2023-03-05,44099.25,40185.951428571425,41624.22433333333,3,6,1
2023-03-06,30815.95,39093.85428571428,40418.32033333334,3,0,0
2023-03-07,37818.0,40435.74857142857,40501.524000000005,3,1,0
2023-03-08,36809.25,40279.1,40696.384,3,2,0
2023-03-09,34103.03,38836.130000000005,40407.90466666666,3,3,0
2023-03-10,27209.35,37396.22571428572,40120.80533333333,3,4,0
2023-03-11,52704.520000000004,37651.33571428572,40200.92866666667,3,5,1
2023-03-12,59623.43,39869.07571428572,40829.585333333336,3,6,1
2023-03-13,42160.24,41489.688571428575,40838.66533333333,3,0,0
2023-03-14,45502.24,42587.43714285714,40910.65666666666,3,1,0
2023-03-15,40473.16,43110.852857142854,41120.333,3,2,0
2023-03-16,36735.09,43486.86142857142,40655.89266666667,3,3,0
2023-03-17,33632.29,44404.42428571428,40620.577999999994,3,4,0
2023-03-18,59058.62,45312.15285714286,41404.51266666667,3,5,1
2023-03-19,48008.78,43652.91714285715,41978.934,3,6,1
2023-03-20,33104.99,42359.310000000005,41387.96833333334,3,0,0
2023-03-21,45699.26,42387.455714285716,41090.46699999999,3,1,0
2023-03-22,26886.61,40446.520000000004,40679.276666666665,3,2,0
2023-03-23,31028.17,39631.24571428571,40833.49766666666,3,3,0
2023-03-24,38565.26,40335.955714285716,40626.177333333326,3,4,0
2023-03-25,47598.94,38698.85857142857,40731.97066666667,3,5,1
2023-03-26,35297.86,36883.01285714286,40882.562,3,6,1
2023-03-27,44085.88,38451.71142857143,40753.119,3,0,0
2023-03-28,44361.89,38260.65857142857,40419.48233333333,3,1,0
2023-03-29,37465.13,39771.875714285714,40386.299000000006,3,2,0
2023-03-30,39368.47,40963.34714285714,40751.090000000004,3,3,0
2023-03-31,44325.65,41786.26,40965.085333333336,3,4,0
2023-04-01,44605.9,41358.682857142856,40978.488,4,5,1
2023-04-02,47855.69,43152.65857142857,41330.72166666667,4,6,1
2023-04-03,40797.19,42682.845714285715,40993.33633333333,4,0,0
2023-04-04,37047.35,41637.91142857143,40758.27300000001,4,1,0
2023-04-05,31479.05,40782.75714285714,40780.376333333326,4,2,0
2023-04-06,39683.33,40827.73714285715,40842.554000000004,4,3,0
2023-04-07,46860.35,41189.83714285714,41177.59066666667,4,4,0
2023-04-08,45777.89,41357.264285714286,41566.75266666667,4,5,1
2023-04-09,51114.27,41822.775714285715,42363.583333333336,4,6,1
2023-04-10,37787.32,41392.794285714284,41866.34333333334,4,0,0
2023-04-11,30024.09,40389.47142857143,40879.69866666666,4,1,0
2023-04-12,46627.85,42553.58571428571,41028.619,4,2,0
2023-04-13,23871.6,40294.76714285714,40307.597666666676,4,3,0
2023-04-14,27037.4,37462.91714285714,39859.738999999994,4,4,0
2023-04-15,53727.17,38598.528571428564,40426.14166666667,4,5,1
2023-04-16,57132.61,39458.29142857143,41209.48566666667,4,6,1
2023-04-17,44514.58,40419.32857142857,40724.68433333332,4,0,0
2023-04-18,35725.6,41233.83,40315.245,4,1,0
2023-04-19,35470.59,39639.93571428571,40394.098333333335,4,2,0
2023-04-20,36743.89,41478.83428571429,40095.585999999996,4,3,0
2023-04-21,51444.38,44965.545714285705,40914.17833333334,4,4,0
2023-04-22,40451.39,43069.00571428571,41228.28566666667,4,5,1
2023-04-23,55217.72,42795.450000000004,41783.367666666665,4,6,1
2023-04-24,42559.85,42516.20285714285,41615.398,4,0,0
2023-04-25,37151.41,42719.89,41677.183,4,1,0
2023-04-26,43181.07,43821.387142857144,41647.022666666664,4,2,0
2023-04-27,38391.13,44056.70714285714,41447.99733333333,4,3,0
2023-04-28,40392.74,42477.90142857143,41545.584333333325,4,4,0
2023-04-29,52784.16,44239.725714285705,41992.774,4,5,1
2023-04-30,48896.03,43336.62714285714,42145.12,4,6,1
2023-05-01,34958.44,42250.71142857143,41823.53800000001,5,0,0
2023-05-02,31672.39,41467.99428571429,41284.094666666664,5,1,0
2023-05-03,40695.92,41112.97285714286,41280.719000000005,5,2,0
2023-05-04,31954.37,40193.43571428571,41110.952999999994,5,3,0
2023-05-05,31576.79,38934.014285714286,41114.211,5,4,0
2023-05-06,58247.83,39714.53857142857,41733.02766666667,5,5,1
2023-05-07,49063.89,39738.51857142857,41806.479,5,6,1
2023-05-08,35472.76,39811.99285714286,41462.97466666667,5,0,0
2023-05-09,45275.07,41755.23285714286,41268.33466666667,5,1,0
2023-05-10,32696.76,40612.49571428572,41098.649333333335,5,2,0
2023-05-11,34204.46,40933.93714285714,41237.995,5,3,0
2023-05-12,45551.19,42930.280000000006,41202.10633333333,5,4,0
2023-05-13,56254.65,42645.53999999999,42281.541333333334,5,5,1
2023-05-14,45783.92,42176.97285714286,42906.42533333333,5,6,1
2023-05-15,41037.57,42971.94571428571,42483.43866666667,5,0,0
2023-05-16,30889.66,40916.88714285714,41608.67366666666,5,1,0
2023-05-17,43677.23,42485.525714285715,41580.761999999995,5,2,0
2023-05-18,30242.92,41919.59142857143,41398.006,5,3,0
2023-05-19,36784.53,40667.21142857143,41441.804,5,4,0
2023-05-20,56106.95,40646.11142857142,42087.23933333333,5,5,1
2023-05-21,59832.03,42652.98428571429,42366.827666666664,5,6,1
2023-05-22,47595.11,43589.775714285715,42604.95166666667,5,0,0
2023-05-23,29466.55,43386.474285714285,41746.579333333335,5,1,0
2023-05-24,36541.73,42367.11714285713,41545.975333333336,5,2,0
2023-05-25,34329.41,42950.90142857143,41451.90866666667,5,3,0
2023-05-26,29425.61,41899.62714285714,40993.39333333333,5,4,0
2023-05-27,51998.2,41312.66285714286,41446.96233333334,5,5,1
2023-05-28,74559.62,43416.60428571428,42585.85833333333,5,6,1
2023-05-29,34029.31,41478.63285714285,41960.69666666666,5,0,0
2023-05-30,33963.12,42121.0,41462.933,5,1,0
2023-05-31,53508.1,44544.76714285714,42081.255,5,2,0
2023-06-01,39438.48,45274.63428571428,42340.12466666666,6,3,0
2023-06-02,36948.61,46349.34857142857,42215.21433333333,6,4,0
2023-06-03,52785.37,46461.80142857142,42909.581,6,5,1
2023-06-04,57579.9,44036.12714285714,43776.35133333333,6,6,1
2023-06-05,33273.16,43928.10571428571,42943.86233333333,6,0,0
2023-06-06,40151.08,44812.1,42646.76866666667,6,1,0
2023-06-07,45561.07,43676.810000000005,42983.04566666667,6,2,0
2023-06-08,43662.37,44280.222857142864,42929.289,6,3,0
2023-06-09,39554.36,44652.47285714286,43157.87566666667,6,4,0
2023-06-10,55746.43,45075.48142857143,43875.941333333336,6,5,1
2023-06-11,56811.61,44965.72571428572,44251.288666666675,6,6,1
2023-06-12,30360.38,44549.61428571429,43388.14633333333,6,0,0
2023-06-13,51355.88,46150.299999999996,43573.878333333334,6,1,0
2023-06-14,29099.100000000002,43798.590000000004,43175.929333333326,6,2,0
2023-06-15,38134.62,43008.91142857143,43417.428,6,3,0
2023-06-16,44558.71,43723.81857142857,43446.81066666667,6,4,0
2023-06-17,49277.02,42799.61714285715,44081.28066666667,6,5,1
2023-06-18,48040.86,41546.65285714286,44456.49166666667,6,6,1
2023-06-19,25428.43,40842.08857142857,43433.87433333334,6,0,0
2023-06-20,47800.909999999996,40334.235714285714,43032.83700000001,6,1,0
2023-06-21,36284.270000000004,41360.688571428575,42655.809,6,2,0
2023-06-22,33064.9,40636.44285714285,42775.75399999999,6,3,0
2023-06-23,39345.88,39891.75285714286,42869.225666666665,6,4,0
2023-06-24,44504.72,39209.99571428571,43208.40266666667,6,5,1
2023-06-25,69087.34,42216.635714285716,44530.46033333333,6,6,1
2023-06-26,38680.78,44109.82857142857,44086.54633333333,6,0,0
2023-06-27,34879.27,42263.88,42763.868,6,1,0
2023-06-28,45030.340000000004,43513.31857142857,43130.569,6,2,0
2023-06-29,33495.24,43574.79571428571,43114.973,6,3,0
2023-06-30,38152.74,43404.34714285714,42603.12766666667,6,4,0
2023-07-01,52128.16,44493.409999999996,43026.117,7,5,1
2023-07-02,47620.04,41426.65285714286,43381.83133333333,7,6,1
2023-07-03,42627.65,41990.491428571426,43043.24066666667,7,0,0
2023-07-04,33890.5,41849.23857142857,42253.594000000005,7,1,0
2023-07-05,43020.55,41562.125714285714,42578.507,7,2,0
2023-07-06,34373.26,41687.55714285715,42385.91299999999,7,3,0
2023-07-07,50030.55,43384.387142857144,42534.89566666666,7,4,0
2023-07-08,44769.98,42333.21857142857,42571.816,7,5,1
2023-07-09,64057.35,44681.40571428572,43388.58233333333,7,6,1
2023-07-10,34212.89,43479.29714285715,42670.797666666665,7,0,0
2023-07-11,30223.58,42955.451428571425,41784.53,7,1,0
2023-07-12,45769.53,43348.16285714286,42298.168333333335,7,2,0
2023-07-13,38387.58,43921.637142857144,41865.89166666667,7,3,0
2023-07-14,27688.82,40729.96142857143,41818.882333333335,7,4,0
2023-07-15,49907.63,41463.91142857143,42211.316,7,5,1
2023-07-16,44138.22,38618.32142857143,42197.299666666666,7,6,1
2023-07-17,54950.81,41580.881428571425,42386.426,7,0,0
2023-07-18,32179.19,41860.25428571428,41857.70366666667,7,1,0
2023-07-19,27548.68,39257.275714285715,41928.378666666664,7,2,0
2023-07-20,39285.62,39385.56714285714,41644.53566666667,7,3,0
2023-07-21,38155.77,40880.845714285715,41706.919,7,4,0
2023-07-22,46108.17,40338.06571428571,42141.69466666667,7,5,1
2023-07-23,53267.61,41642.264285714286,42605.75233333333,7,6,1
2023-07-24,40576.6,39588.805714285714,42474.814999999995,7,0,0
2023-07-25,49944.12,42126.65285714286,41836.707666666676,7,1,0
2023-07-26,31481.17,42688.43714285714,41596.72066666667,7,2,0
2023-07-27,36550.48,42297.70285714285,41652.42766666667,7,3,0
2023-07-28,33564.5,41641.80714285715,41270.233,7,4,0
2023-07-29,57995.909999999996,43340.055714285714,42086.922,7,5,1
2023-07-30,63455.39,44795.45285714285,42930.34366666667,7,6,1
2023-07-31,38764.02,44536.51285714285,42484.87233333334,7,0,0
2023-08-01,43496.95,43615.48857142857,42347.436,8,1,0
2023-08-02,41204.33,45004.51142857143,42299.99199999999,8,2,0
2023-08-03,30742.33,44174.775714285715,42195.05299999999,8,3,0
2023-08-04,35524.81,44454.82,41945.195,8,4,0
2023-08-05,41602.64,42112.92428571428,42186.174333333336,8,5,1
2023-08-06,51530.06,40409.305714285714,42236.158,8,6,1
2023-08-07,49045.19,41878.044285714284,42378.665,8,0,0
2023-08-08,39973.65,41374.71571428572,41575.875,8,1,0
2023-08-09,28975.84,39627.78857142857,41401.306666666664,8,2,0
2023-08-10,34515.56,40166.82142857143,41544.37266666666,8,3,0
2023-08-11,50950.72,42370.52285714285,41717.079,8,4,0
2023-08-12,49508.659999999996,43499.95428571429,42087.78166666666,8,5,1
2023-08-13,63467.62,45205.32,43280.40833333333,8,6,1
2023-08-14,35014.8,43200.97857142857,42783.98066666666,8,0,0
2023-08-15,42233.22,43523.77428571428,42720.48066666666,8,1,0
2023-08-16,36858.47,44649.86428571429,42117.40266666666,8,2,0
2023-08-17,43455.19,45926.954285714295,42493.26933333334,8,3,0
2023-08-18,30915.2,43064.73714285714,42605.48666666667,8,4,0
2023-08-19,62058.020000000004,44857.50285714286,43364.566666666666,8,5,1
2023-08-20,47864.94,42628.548571428575,43688.20566666666,8,6,1
2023-08-21,44785.01,44024.292857142864,43644.100333333336,8,0,0
2023-08-22,27778.57,41959.34285714286,42794.46566666667,8,1,0
2023-08-23,33259.05,41445.14,42550.54733333333,8,2,0
2023-08-24,38039.13,40671.41714285714,42153.71433333333,8,3,0
2023-08-25,25924.16,39958.41142857143,41968.48066666666,8,4,0
2023-08-26,68128.78,40825.66285714286,43021.09066666666,8,5,1
2023-08-27,55789.85,41957.79285714286,43761.93566666667,8,6,1
2023-08-28,34112.409999999996,40433.13571428571,42965.819,8,0,0
2023-08-29,27710.079999999998,40423.35142857143,41774.308666666664,8,1,0
2023-08-30,49848.06,42793.21,42143.77666666666,8,2,0
2023-08-31,29378.25,41555.94142857142,41673.15333333333,8,3,0
2023-09-01,34036.58,42714.85857142857,41434.22833333334,9,4,0
2023-09-02,65618.48,42356.24428571428,42596.76666666667,9,5,1
2023-09-03,55650.35,42336.315714285716,43267.618,9,6,1
2023-09-04,36934.6,42739.485714285714,43112.01666666667,9,0,0
2023-09-05,38634.4,44300.10285714286,42682.16133333334,9,1,0
2023-09-06,33022.13,41896.39857142857,42148.05933333333,9,2,0
2023-09-07,37508.31,43057.83571428571,42065.88133333333,9,3,0
2023-09-08,34079.94,43064.02999999999,42236.018000000004,9,4,0
2023-09-09,49963.86,40827.65571428572,42750.96133333333,9,5,1
2023-09-10,51211.85,40193.58428571429,42759.66566666667,9,6,1
2023-09-11,32259.5,39525.712857142855,42184.69366666666,9,0,0
2023-09-12,26253.55,37757.020000000004,40944.22466666667,9,1,0
2023-09-13,35266.31,38077.61714285715,40952.60833333333,9,2,0
2023-09-14,31118.1,37164.729999999996,40582.10433333334,9,3,0
2023-09-15,37628.35,37671.64571428572,40607.767,9,4,0
2023-09-16,41210.84,36421.21428571428,40532.95533333333,9,5,1
2023-09-17,51851.32,36512.567142857144,41230.825999999994,9,6,1
2023-09-18,31002.67,36333.02,40195.647666666664,9,0,0
2023-09-19,32910.61,37284.02857142857,39697.17,9,1,0
2023-09-20,38177.82,37699.95857142857,39476.93033333333,9,2,0
2023-09-21,32867.61,37949.888571428564,39646.564999999995,9,3,0
2023-09-22,45608.03,39089.84285714286,40058.197666666674,9,4,0
2023-09-23,44350.159999999996,39538.31714285714,40268.56533333333,9,5,1
2023-09-24,64158.75,41296.521428571425,41543.051666666666,9,6,1
2023-09-25,32177.97,41464.42142857143,40344.691333333336,9,0,0
2023-09-26,31050.58,41198.70285714285,39520.049,9,1,0
2023-09-27,24912.79,39303.69857142858,39213.395000000004,9,2,0
2023-09-28,36829.08,39869.62285714286,39517.361666666664,9,3,0
2023-09-29,37120.36,38657.09857142857,39093.105,9,4,0
2023-09-30,48408.51,39236.862857142856,39727.44700000001,9,5,1
2023-10-01,77215.19,41102.06857142857,41166.734000000004,10,6,1
2023-10-02,78800.58,47762.44142857143,41606.13733333334,10,0,0
2023-10-03,53217.41,50929.131428571425,41525.039333333334,10,1,0
2023-10-04,57425.24,55573.76714285714,42208.06066666667,10,2,0
2023-10-05,64837.74,59575.00428571429,43081.50533333333,10,3,0
2023-10-06,70467.51,64338.88285714285,44329.68466666667,10,4,0
2023-10-07,87115.03,69868.38571428572,45983.242,10,5,1
2023-10-08,100670.5,73219.14428571428,48202.92733333333,10,6,1
2023-10-09,50095.69,69118.44571428571,48207.32166666666,10,0,0
2023-10-10,63159.07,70538.68285714286,48605.562333333335,10,1,0
2023-10-11,57019.09,70480.66142857143,49430.882000000005,10,2,0
2023-10-12,55103.21,69090.0142857143,50392.537333333334,10,3,0
2023-10-13,59669.76,67547.47857142858,51205.98566666667,10,4,0
2023-10-14,76447.72,66023.57714285715,52716.973,10,5,1
2023-10-15,70228.31,61674.69285714285,53803.63833333333,10,6,1
2023-10-16,75905.08,65361.74857142857,54960.113,10,0,0
2023-10-17,45283.33,62808.07142857143,54741.18000000001,10,1,0
2023-10-18,54867.19,62500.65714285714,55536.664,10,2,0
2023-10-19,49424.52,61689.41571428571,56087.12766666667,10,3,0
2023-10-20,61315.91,61924.58,56858.397333333334,10,4,0
2023-10-21,78894.0,62274.04857142857,58392.61033333333,10,5,1
2023-10-22,69996.19,62240.888571428564,59205.549,10,6,1
2023-10-23,59004.19,59826.475714285705,59694.01666666667,10,0,0
2023-10-24,55810.25,61330.32142857143,59415.73333333333,10,1,0
2023-10-25,53641.7,61155.25142857142,60131.191,10,2,0
2023-10-26,61966.25,62946.927142857145,61161.71333333333,10,3,0
2023-10-27,57739.57,62436.021428571425,62255.93933333333,10,4,0
2023-10-28,83339.85,63071.142857142855,63806.29833333333,10,5,1
2023-10-29,82027.89,64789.957142857136,65303.216,10,6,1
2023-10-30,58706.909999999996,64747.48857142858,65646.496,10,0,0
2023-10-31,45975.35,63342.50285714286,64605.168,10,1,0
2023-11-01,67655.86,65344.525714285715,64233.677333333326,11,2,0
2023-11-02,67553.0,66142.63285714286,64711.53033333333,11,3,0
2023-11-03,54527.78,65683.80571428571,64614.948333333334,11,4,0
2023-11-04,84884.35,65904.44857142857,65283.16866666667,11,5,1
2023-11-05,73048.12,64621.624285714286,65369.189,11,6,1
2023-11-06,63149.03,65256.212857142855,64570.32233333333,11,0,0
2023-11-07,71745.28,68937.63142857143,63606.14833333333,11,1,0
2023-11-08,59793.01,67814.36714285714,63929.39233333334,11,2,0
2023-11-09,62984.91,67161.78285714287,63923.58699999999,11,3,0
2023-11-10,61846.7,68207.34285714285,64084.507333333335,11,4,0
2023-11-11,62543.38,65015.775714285715,64332.513,11,5,1
2023-11-12,70818.02,64697.19,64704.121666666666,11,6,1
2023-11-13,88039.94,68253.03428571428,65090.528999999995,11,0,0
2023-11-14,66222.87,67464.11857142857,64957.01433333334,11,1,0
2023-11-15,77908.03,70051.97857142857,65023.77933333334,11,2,0
2023-11-16,71182.95,71223.12714285713,65887.1,11,3,0
2023-11-17,58999.61,70816.40000000001,66024.84733333332,11,4,0
2023-11-18,68774.46,71706.55428571429,66669.84533333333,11,5,1
2023-11-19,73888.71,72145.22428571428,67088.93866666667,11,6,1
2023-11-20,62643.42,68517.15,66547.25266666667,11,0,0
2023-11-21,55904.87,67043.15,66077.542,11,1,0
2023-11-22,59774.81,64452.69,66103.22933333334,11,2,0
2023-11-23,55609.87,62227.96428571428,66096.55,11,3,0
2023-11-24,59506.71,62300.40714285715,66292.05033333333,11,4,0
2023-11-25,90301.01,65375.62857142858,67236.54233333333,11,5,1
2023-11-26,67020.28,64394.42428571428,67545.89933333333,11,6,1
2023-11-27,58167.81,63755.05142857142,66706.83133333334,11,0,0
2023-11-28,56872.21,63893.24285714286,65868.30866666666,11,1,0
2023-11-29,49769.59,62463.92571428572,65570.398,11,2,0
2023-11-30,65226.52,63837.73285714285,66212.10366666666,11,3,0
2023-12-01,59581.44,63848.40857142857,65942.95633333334,12,4,0
2023-12-02,74560.47,61599.76,66176.53866666667,12,5,1
2023-12-03,100533.7,66387.39142857143,67710.06933333333,12,6,1
2023-12-04,74766.81999999999,68758.67857142857,67372.81833333333,12,0,0
2023-12-05,49891.45,67761.42714285714,66600.92933333333,12,1,0
2023-12-06,60643.12,69314.78857142857,66517.399,12,2,0
2023-12-07,73367.03,70477.71857142857,66571.45733333334,12,3,0
2023-12-08,71079.06,72120.23571428572,66947.659,12,4,0
2023-12-09,82338.48,73231.37999999999,67592.778,12,5,1
2023-12-10,78706.64,70113.22857142857,68154.776,12,6,1
2023-12-11,69263.78,69327.08,68378.78933333333,12,0,0
2023-12-12,81926.31,73903.48857142856,68749.06566666666,12,1,0
2023-12-13,57769.56,73492.98,67740.053,12,2,0
2023-12-14,66784.7,72552.64714285714,67758.78066666666,12,3,0
2023-12-15,75768.42,73222.55571428571,67687.46033333332,12,4,0
2023-12-16,73374.58,71941.99857142857,67760.51466666667,12,5,1
2023-12-17,66279.93,70166.75428571428,68003.192,12,6,1
2023-12-18,64042.25,69420.82142857143,67845.45166666666,12,0,0
2023-12-19,50655.7,64953.59142857143,67071.018,12,1,0
2023-12-20,57193.85,64871.34714285714,66889.36566666666,12,2,0
2023-12-21,63510.26,64403.57,67142.87866666666,12,3,0
2023-12-22,49751.03,60686.799999999996,66808.75266666667,12,4,0
2023-12-23,73406.15,60691.31,67401.962,12,5,1
2023-12-24,69700.88,61180.01714285714,67741.76766666667,12,6,1
2023-12-25,61633.55,60835.91714285714,66786.18566666666,12,0,0
2023-12-26,65775.03,62995.82142857143,66744.67733333333,12,1,0
2023-12-27,46983.87,61537.25285714286,66371.87933333333,12,2,0
2023-12-28,51712.15,59851.80857142857,66199.87733333332,12,3,0
2023-12-29,48377.03,59655.52285714286,66153.45866666667,12,4,0
2023-12-30,68631.78,58973.469999999994,66266.96733333333,12,5,1
2023-12-31,60450.89,57652.04285714286,66295.949,12,6,1
2024-01-01,38446.01,54339.537142857145,65092.13366666666,1,0,0
2024-01-02,34969.52,49938.75,62906.66099999999,1,1,0
2024-01-03,53188.91,50825.184285714284,62187.397333333334,1,2,0
2024-01-04,39981.03,49149.310000000005,61857.05,1,3,0
2024-01-05,25859.16,45932.47142857143,60697.58466666667,1,4,0
2024-01-06,46045.51,42705.861428571436,59786.867333333335,1,5,1
2024-01-07,71420.21,44272.90714285714,59798.238999999994,1,6,1
2024-01-08,41894.41,44765.53571428572,58450.10333333334,1,0,0
2024-01-09,35214.26,44800.49857142857,57000.35733333333,1,1,0
2024-01-10,50151.45,44366.57571428572,56363.27966666667,1,2,0
2024-01-11,28794.75,42768.53571428572,54592.227666666666,1,3,0
2024-01-12,34943.58,44066.31,53831.361666666664,1,4,0
2024-01-13,54601.840000000004,45288.642857142855,53425.26633333333,1,5,1
2024-01-14,58694.49,43470.68285714286,52856.13533333333,1,6,1
2024-01-15,34272.37,42381.82,51552.72833333334,1,0,0
2024-01-16,36568.47,42575.27857142857,50562.346333333335,1,1,0
2024-01-17,31260.23,39876.53285714286,49469.61233333334,1,2,0
2024-01-18,29635.45,39996.63285714285,48768.937333333335,1,3,0
2024-01-19,36133.19,40166.57714285714,48066.91533333333,1,4,0
2024-01-20,54117.06,40097.322857142855,47753.808666666664,1,5,1
2024-01-21,56258.85,39749.374285714286,47970.736000000004,1,6,1
2024-01-22,28832.44,38972.241428571426,46484.945666666674,1,0,0
2024-01-23,34516.69,38679.13,45312.13933333333,1,1,0
2024-01-24,35083.09,39225.25285714286,44427.123999999996,1,2,0
2024-01-25,34238.0,39882.76,43375.88966666667,1,3,0
2024-01-26,42692.46,40819.79857142857,43232.84266666667,1,4,0
2024-01-27,52118.91,40534.34857142857,43246.401333333335,1,5,1
2024-01-28,65386.29,41838.26857142857,43813.37666666667,1,6,1
2024-01-29,34134.69,42595.73285714286,42663.473666666665,1,0,0
2024-01-30,34555.11,42601.221428571436,41800.280999999995,1,1,0
2024-01-31,27113.82,41462.75428571428,41422.54133333334,1,2,0
2024-02-01,31420.86,41060.305714285714,41304.25266666667,2,3,0
2024-02-02,35973.64,40100.474285714285,40730.41033333333,2,4,0
2024-02-03,47482.06,39438.06714285714,40980.44466666666,2,5,1
2024-02-04,56961.25,38234.49,42017.181,2,6,1
2024-02-05,42891.33,39485.438571428575,41912.041666666664,2,0,0
2024-02-06,28381.37,38603.47571428572,40477.413666666675,2,1,0
2024-02-07,30671.64,39111.73571428571,40103.32133333333,2,2,0
2024-02-08,30605.34,38995.23285714286,39949.69066666668,2,3,0
2024-02-09,48970.01,40851.857142857145,39910.30933333333,2,4,0
2024-02-10,46158.64,40662.79714285715,40489.10566666666,2,5,1
2024-02-11,59657.25,41047.94,41312.89466666667,2,6,1
2024-02-12,33853.64,39756.84142857143,40621.28799999999,2,0,0
2024-02-13,39326.92,41320.491428571426,39975.702333333335,2,1,0
2024-02-14,42370.1,42991.700000000004,40245.62666666666,2,2,0
2024-02-15,36243.96,43797.217142857146,40234.80966666667,2,3,0
2024-02-16,46100.69,43387.31428571429,40729.49166666667,2,4,0
2024-02-17,54471.13,44574.81285714286,41557.34766666666,2,5,1
2024-02-18,45065.76,42490.31428571429,41855.1,2,6,1
2024-02-19,49581.53,44737.15571428571,41703.91566666667,2,0,0
2024-02-20,40204.909999999996,44862.58285714286,41168.78433333333,2,1,0
2024-02-21,41045.96,44673.41999999999,41575.901666666665,2,2,0
2024-02-22,39982.65,45207.51857142857,41758.100333333336,2,3,0
2024-02-23,35859.4,43744.47714285715,41783.97733333333,2,4,0
2024-02-24,43971.21,42244.48857142857,42108.41766666667,2,5,1
2024-02-25,51930.14,43225.114285714284,42416.34033333333,2,6,1
2024-02-26,38947.61,41705.98285714286,41977.297000000006,2,0,0
2024-02-27,37276.73,41287.67142857143,41040.31166666667,2,1,0
2024-02-28,51114.79,42726.07571428572,41606.31500000001,2,2,0
2024-02-29,26712.14,40830.28857142857,41344.882666666665,2,3,0
2024-03-01,41089.21,41577.404285714285,41810.729,3,4,0
2024-03-02,54470.5,43077.30285714286,42579.05033333333,3,5,1
2024-03-03,60166.75,44253.96142857143,43385.48733333333,3,6,1
2024-03-04,35152.85,43711.85285714286,42974.51366666667,3,0,0
2024-03-05,29246.8,42564.719999999994,42050.69866666666,3,1,0
2024-03-06,49018.64,42265.270000000004,42254.94233333333,3,2,0
2024-03-07,42575.71,44531.49428571428,42728.08699999999,3,3,0
2024-03-08,45387.88,45145.590000000004,43218.628333333334,3,4,0
2024-03-09,42767.75,43473.76857142857,43624.042,3,5,1
2024-03-10,57082.25,43033.125714285714,43894.45,3,6,1
2024-03-11,49194.13,45039.02285714286,43995.633,3,0,0
2024-03-12,39720.4,46535.25142857143,43331.07133333333,3,1,0
2024-03-13,32179.13,44129.607142857145,43275.25433333334,3,2,0
2024-03-14,32596.36,42703.98571428571,43050.902333333324,3,3,0
2024-03-15,35161.77,41243.112857142856,42810.62466666666,3,4,0
2024-03-16,39971.53,40843.65285714285,42934.87699999999,3,5,1
2024-03-17,48328.59,39593.13,43009.14033333333,3,6,1
2024-03-18,44238.76,38885.219999999994,42668.06133333334,3,0,0
2024-03-19,41068.3,39077.77714285714,42534.81266666667,3,1,0
2024-03-20,37311.28,39810.94142857143,42125.80433333334,3,2,0
2024-03-21,38629.18,40672.77285714285,42073.280000000006,3,3,0
2024-03-22,49160.270000000004,42672.55857142858,42343.757,3,4,0
2024-03-23,49845.66,44083.14857142857,42672.524,3,5,1
2024-03-24,61172.56,45918.00142857143,43516.296,3,6,1
2024-03-25,42722.37,45701.374285714286,43474.66799999999,3,0,0
2024-03-26,36605.86,45063.88285714285,42963.85866666667,3,1,0
2024-03-27,36032.47,44881.19571428571,42866.68733333333,3,2,0
2024-03-28,33149.91,44098.44285714285,42729.12666666666,3,3,0
2024-03-29,36744.57,42324.77142857143,42250.11933333333,3,4,0
2024-03-30,50455.19,42411.84714285714,43041.554333333326,3,5,1
2024-03-31,53469.16,41311.361428571436,43454.219333333334,3,6,1
2024-04-01,38196.41,40664.79571428571,42911.74966666666,4,0,0
2024-04-02,46131.88,42025.65571428572,42443.92066666667,4,1,0
2024-04-03,30612.420000000002,41251.362857142856,42292.573,4,2,0
2024-04-04,25729.829999999998,40191.351428571434,42175.34066666667,4,3,0
2024-04-05,36369.36,40137.75,41753.698,4,4,0
2024-04-06,54870.19,40768.46428571428,42163.513999999996,4,5,1
2024-04-07,39448.82,38765.55857142858,41965.54533333333,4,6,1
2024-04-08,44435.22,39656.81714285714,42021.12766666666,4,0,0
2024-04-09,28701.47,37166.758571428574,41075.10166666666,4,1,0
2024-04-10,32137.12,37384.572857142855,40506.53466666667,4,2,0
2024-04-11,46036.17,40285.47857142857,40717.060333333335,4,3,0
2024-04-12,32878.69,39786.811428571425,40740.379,4,4,0
2024-04-13,57581.79,40174.182857142856,41573.22666666667,4,5,1
2024-04-14,43036.55,40686.71571428572,41835.719333333334,4,6,1
2024-04-15,42034.35,40343.73428571429,41904.48,4,0,0
2024-04-16,46230.340000000004,42847.85857142857,41834.53833333333,4,1,0
2024-04-17,37741.79,43648.525714285715,41617.97266666666,4,2,0
2024-04-18,25633.92,40733.91857142857,41103.49333333333,4,3,0
2024-04-19,45336.1,42513.548571428575,41370.98733333333,4,4,0
2024-04-20,33393.17,39058.03142857143,41196.45366666666,4,5,1
2024-04-21,48326.32,39813.712857142855,41168.65533333333,4,6,1
2024-04-22,33094.21,38536.549999999996,40610.27366666667,4,0,0
2024-04-23,37237.34,37251.83571428571,39812.433,4,1,0
2024-04-24,30007.79,36146.97857142857,39388.61366666667,4,2,0
2024-04-25,29117.69,36644.659999999996,39139.008,4,3,0
2024-04-26,43554.51,36390.147142857146,39389.742666666665,4,4,0
2024-04-27,47960.73,38471.22714285714,39883.43666666667,4,5,1
2024-04-28,42080.23,37578.92857142857,40061.292,4,6,1
2024-04-29,32354.28,37473.224285714285,39457.92833333334,4,0,0
2024-04-30,28448.95,36217.74,38623.92133333333,4,1,0
2024-05-01,30082.81,36228.45714285714,38353.468,5,2,0
2024-05-02,37486.4,37423.98714285715,38065.285333333326,5,3,0
2024-05-03,41258.29,37095.955714285716,38420.147666666664,5,4,0
2024-05-04,53816.62,37932.51142857143,39356.373999999996,5,5,1
2024-05-05,51351.56,39256.98714285715,39855.78066666667,5,6,1
2024-05-06,38465.82,40130.06428571429,39308.96833333334,5,0,0
2024-05-07,37513.42,41424.98857142857,39244.455,5,1,0
2024-05-08,43497.45,43341.36571428571,39213.196,5,2,0
2024-05-09,42970.47,44124.80428571429,39688.829333333335,5,3,0
2024-05-10,37438.56,43579.12857142858,39865.544,5,4,0
2024-05-11,48412.65,42807.13285714285,39944.76,5,5,1
2024-05-12,56529.06,43546.775714285715,40733.10566666666,5,6,1
2024-05-13,34926.12,43041.10428571428,39977.916666666664,5,0,0
2024-05-14,49339.35,44730.52285714286,40188.01,5,1,0
2024-05-15,38578.229999999996,44027.77714285714,40072.806,5,2,0
2024-05-16,38101.21,43332.16857142857,39801.835,5,3,0
2024-05-17,35403.74,43041.479999999996,39723.9,5,4,0
2024-05-18,52209.81,43583.93142857143,40609.763,5,5,1
2024-05-19,46794.75,42193.315714285716,40658.384666666665,5,6,1
2024-05-20,30588.63,41573.67428571428,40564.9,5,0,0
2024-05-21,34234.24,39415.80142857142,40095.164,5,1,0
2024-05-22,43244.94,40082.474285714285,40433.521666666675,5,2,0
2024-05-23,31510.55,39140.951428571425,40242.628666666664,5,3,0
2024-05-24,39029.35,39658.89571428572,40543.34733333333,5,4,0
2024-05-25,45890.91,38756.19571428571,41102.454666666665,5,5,1
2024-05-26,46760.62,38751.32,41209.325,5,6,1
2024-05-27,40857.57,40218.311428571425,40972.553,5,0,0
2024-05-28,40929.44,41174.76857142857,40934.193333333336,5,1,0
2024-05-29,36589.78,40224.031428571434,41075.37666666667,5,2,0
2024-05-30,36832.51,40984.311428571425,41354.82866666667,5,3,0
2024-05-31,33123.0,40140.54714285715,41456.168333333335,5,4,0
2024-06-01,59871.82,42137.82,42202.34900000001,6,5,1
2024-06-02,54198.79,43200.41571428571,42633.699,6,6,1
2024-06-03,42311.19,43408.07571428571,42250.18466666667,6,0,0
2024-06-04,42960.03,43698.159999999996,41970.46699999999,6,1,0
2024-06-05,33975.23,43324.65285714286,41820.78066666667,6,2,0
2024-06-06,37046.29,43355.192857142865,41805.20966666666,6,3,0
2024-06-07,34663.22,43575.224285714285,41510.73533333334,6,4,0
2024-06-08,57305.13,43208.55428571429,41988.55733333333,6,5,1
2024-06-09,44886.9,41878.28428571428,42236.83533333333,6,6,1
2024-06-10,26672.83,39644.23285714286,41512.174666666666,6,0,0
2024-06-11,38227.32,38968.131428571425,40902.11666666667,6,1,0
2024-06-12,28295.32,38156.71571428572,40681.090000000004,6,2,0
2024-06-13,29258.47,37044.17,40011.727333333336,6,3,0
2024-06-14,30500.66,36449.51857142857,39742.475,6,4,0
2024-06-15,60092.51,36847.71571428572,40475.51833333333,6,5,1
2024-06-16,58535.19,38797.471428571436,41246.566666666666,6,6,1
2024-06-17,41772.67,40954.59142857143,40898.662000000004,6,0,0
2024-06-18,37257.229999999996,40816.00714285714,40580.74466666667,6,1,0
2024-06-19,49391.29,43829.717142857146,41207.5,6,2,0
2024-06-20,51462.03,47001.65428571428,41781.759666666665,6,3,0
2024-06-21,43131.94,48806.12285714286,41777.993,6,4,0
2024-06-22,44941.9,46641.75,42225.70466666667,6,5,1
2024-06-23,50540.79,45499.69285714285,42609.41933333334,6,6,1
2024-06-24,34079.19,44400.624285714286,42215.69533333334,6,0,0
2024-06-25,34584.32,44018.780000000006,41809.818666666666,6,1,0
2024-06-26,43268.7,43144.124285714286,41890.189666666665,6,2,0
2024-06-27,32588.57,40447.91571428571,41612.16066666667,6,3,0
2024-06-28,31083.21,38726.66857142857,41428.60833333333,6,4,0
2024-06-29,60369.64,40930.631428571425,42213.179333333326,6,5,1
2024-06-30,68210.68,43454.90142857143,43382.76866666667,6,6,1
2024-07-01,29374.48,42782.799999999996,42366.19066666668,7,0,0
2024-07-02,30164.66,42151.41999999999,41565.053,7,1,0
2024-07-03,32583.58,40624.974285714285,41240.799333333336,7,2,0
2024-07-04,33302.79,40727.00571428571,40918.89133333334,7,3,0
2024-07-05,42377.75,42340.51142857143,41198.975333333336,7,4,0
2024-07-06,45980.93,40284.98142857143,41496.79666666667,7,5,1
2024-07-07,47614.36,37342.65,41928.501333333326,7,6,1
2024-07-08,56405.090000000004,41204.16571428572,41898.5,7,0,0
2024-07-09,43703.71,43138.315714285716,41859.060333333335,7,1,0
2024-07-10,35993.51,43625.44857142858,42169.74966666666,7,2,0
2024-07-11,41944.22,44859.938571428575,42293.64633333333,7,3,0
2024-07-12,27577.510000000002,42745.618571428575,42269.71933333333,7,4,0
2024-07-13,49707.47,43277.98142857143,42951.35266666666,7,5,1
2024-07-14,44091.56,42774.724285714285,43404.382666666665,7,6,1
2024-07-15,35571.08,39798.43714285714,42587.00166666667,7,0,0
2024-07-16,39086.91,39138.89428571429,41938.725666666665,7,1,0
2024-07-17,35316.7,39042.20714285714,41723.52666666666,7,2,0
2024-07-18,39609.56,38708.68428571429,41801.937666666665,7,3,0
2024-07-19,45024.97,41201.17857142857,41656.39366666667,7,4,0
2024-07-20,62082.700000000004,42969.06857142857,42010.416,7,5,1
2024-07-21,48498.76,43598.66857142857,42189.30999999999,7,6,1
2024-07-22,36951.52,43795.874285714286,41922.964,7,0,0
2024-07-23,44165.43,44521.37714285714,41710.452000000005,7,1,0
2024-07-24,39102.71,45062.235714285714,41877.90266666667,7,2,0
2024-07-25,20883.88,42387.13857142858,41421.22133333333,7,3,0
2024-07-26,37074.14,41251.305714285714,41214.736000000004,7,4,0
2024-07-27,67850.84,42075.32571428571,42390.145,7,5,1
2024-07-28,43911.65,41420.02428571428,42817.759666666665,7,6,1
2024-07-29,33980.39,40995.57714285714,41938.118,7,0,0
2024-07-30,47187.05,41427.23714285714,41237.33033333333,7,1,0
2024-07-31,36284.270000000004,41024.60285714286,41467.65666666666,7,2,0
2024-08-01,37324.59,43373.275714285715,41706.321,8,3,0
2024-08-02,38871.47,43630.037142857145,41915.91733333333,8,4,0
2024-08-03,48201.29,40822.95857142857,42412.534,8,5,1
2024-08-04,49608.57,41636.80428571429,42653.56133333333,8,6,1
2024-08-05,34780.04,41751.04,42280.198333333334,8,0,0
2024-08-06,49353.69,42060.56,42338.176,8,1,0
2024-08-07,56590.94,44961.51285714286,42344.37100000001,8,2,0
2024-08-08,45078.48,46069.21142857143,42390.19666666667,8,3,0
2024-08-09,33950.73,45366.24857142857,42322.10400000001,8,4,0
2024-08-10,60913.69,47182.305714285714,42954.41966666667,8,5,1
2024-08-11,41626.34,46041.98714285715,43422.71400000001,8,6,1
2024-08-12,52317.41,48547.32571428572,43509.71200000001,8,0,0
2024-08-13,33255.74,46247.618571428575,43148.518000000004,8,1,0
2024-08-14,43392.72,44362.15857142857,43409.23933333333,8,2,0
2024-08-15,45971.84,44489.781428571434,43638.737,8,3,0
2024-08-16,30600.91,44011.23571428571,43481.544,8,4,0
2024-08-17,49491.22,42379.45428571429,43810.93266666667,8,5,1
2024-08-18,45964.48,42999.188571428575,43842.24966666666,8,6,1
2024-08-19,39176.35,41121.89428571429,43078.70466666667,8,0,0
2024-08-20,36243.659999999996,41548.74,42670.20133333334,8,1,0
2024-08-21,31683.68,39876.020000000004,42494.606666666674,8,2,0
2024-08-22,41740.07,39271.48142857143,42413.76133333333,8,3,0
2024-08-23,37864.74,40309.17142857143,42372.49566666666,8,4,0
2024-08-24,56514.38,41312.479999999996,43560.179000000004,8,5,1
2024-08-25,45117.36,41191.462857142855,43828.28633333333,8,6,1
2024-08-26,33194.48,40336.909999999996,42673.07433333333,8,0,0
2024-08-27,41725.729999999996,41120.06285714286,42600.210333333336,8,1,0
2024-08-28,41984.23,42591.57,42867.005000000005,8,2,0
2024-08-29,40061.71,42351.80428571429,42629.49366666667,8,3,0
2024-08-30,35950.25,42078.305714285714,42618.35966666667,8,4,0
2024-08-31,56038.65,42010.34428571429,43242.16166666666,8,5,1
2024-09-01,42134.9,41584.27857142857,43350.94266666667,9,6,1
2024-09-02,35612.47,41929.705714285716,42931.31533333334,9,0,0
2024-09-03,36859.45,41234.52285714286,42506.34466666667,9,1,0
2024-09-04,48618.44,42182.26714285714,42967.62466666666,9,2,0
2024-09-05,40601.01,42259.31,42675.86866666667,9,3,0
2024-09-06,29642.22,41358.16285714286,41777.577999999994,9,4,0
2024-09-07,61749.24,42173.96142857143,42333.27,9,5,1
2024-09-08,46408.85,42784.525714285715,42748.54066666667,9,6,1
2024-09-09,35072.64,42707.40714285715,41887.17233333333,9,0,0
2024-09-10,38603.44,42956.548571428575,41786.409,9,1,0
2024-09-11,54703.85,43825.892857142855,41865.957,9,2,0
2024-09-12,34776.98,42993.888571428564,41916.665,9,3,0
2024-09-13,38326.99,44234.57,41747.80733333333,9,4,0
2024-09-14,42333.03,41460.82571428572,41626.513666666666,9,5,1
2024-09-15,47260.19,41582.44571428571,42181.823,9,6,1
2024-09-16,32739.88,41249.194285714286,41623.445,9,0,0
2024-09-17,36562.86,40957.68285714286,41310.05766666667,9,1,0
2024-09-18,43875.31,39410.74857142857,41466.689666666665,9,2,0
2024-09-19,43731.33,40689.94142857142,41716.27866666667,9,3,0
2024-09-20,36517.41,40431.43,41877.403,9,4,0
2024-09-21,70344.65,44433.090000000004,42830.889,9,5,1
2024-09-22,47218.57,44427.14428571429,43142.683333333334,9,6,1
2024-09-23,38624.0,45267.73285714286,42546.33733333333,9,0,0
2024-09-24,40699.63,45858.700000000004,42399.07966666667,9,1,0
2024-09-25,43921.62,45865.315714285716,42756.651,9,2,0
2024-09-26,31681.309999999998,44143.88428571429,42421.83699999999,9,3,0
2024-09-27,37395.33,44269.30142857144,42268.87366666667,9,4,0
2024-09-28,66267.7,43686.880000000005,43142.40666666666,9,5,1
2024-09-29,59504.01,45441.94285714285,43927.532,9,6,1
2024-09-30,24811.920000000002,43468.78857142857,42886.640999999996,9,0,0
2024-10-01,68630.48,47458.909999999996,43769.827,10,1,0
2024-10-02,58205.23,49499.42571428571,44522.918999999994,10,2,0
2024-10-03,63497.17,54044.548571428575,45410.843,10,3,0
2024-10-04,68109.92,58432.34714285714,46060.559,10,4,0
2024-10-05,71133.43000000001,59127.451428571425,47078.306333333334,10,5,1
2024-10-06,72663.63,61007.397142857146,48512.35333333334,10,6,1
2024-10-07,60096.91,66048.11,48457.27566666667,10,0,0
2024-10-08,58631.76,64619.721428571436,48864.706,10,1,0
2024-10-09,55362.82,64213.66285714286,49541.045333333335,10,2,0
2024-10-10,46460.25,61779.81714285714,49802.939,10,3,0
2024-10-11,57646.92,60285.10285714286,49901.041333333334,10,4,0
2024-10-12,60553.05,58773.62,50760.24366666667,10,5,1
2024-10-13,68126.86,58125.51,51753.572666666674,10,6,1
2024-10-14,65625.25,58915.27285714285,52529.98,10,0,0
2024-10-15,55014.47,58398.51714285714,52788.456000000006,10,1,0
2024-10-16,62700.58,59446.76857142857,53787.14599999999,10,2,0
2024-10-17,61391.56,61579.81285714287,54614.76933333334,10,3,0
2024-10-18,62767.96,62311.39,55244.524333333335,10,4,0
2024-10-19,56587.99,61744.95285714285,55673.079666666665,10,5,1
2024-10-20,77240.67,63046.92571428571,57030.521666666675,10,6,1
2024-10-21,76207.43000000001,64558.66571428572,57225.94766666667,10,0,0
2024-10-22,49056.4,63707.51285714285,57287.208666666666,10,1,0
2024-10-23,60607.41,63408.48857142858,58019.98900000001,10,2,0
2024-10-24,60537.17,63286.432857142856,58681.240333333335,10,3,0
2024-10-25,71013.53,64464.37142857142,59584.304000000004,10,4,0
2024-10-26,82337.11,68142.81714285715,61272.83066666667,10,5,1
2024-10-27,80664.5,68631.93571428572,62715.136333333336,10,6,1
2024-10-28,66002.23,67174.05,62706.287333333334,10,0,0
2024-10-29,63438.47,69228.63142857143,62837.436,10,1,0
2024-10-30,71472.08,70780.72714285714,64392.774666666664,10,2,0
2024-10-31,72084.39,72430.33,64507.905000000006,10,3,0
2024-11-01,62651.2,71235.71142857143,64656.10400000001,11,4,0
2024-11-02,70035.98,69478.40714285713,64874.06433333333,11,5,1
2024-11-03,69188.41,67838.96571428572,64910.013999999996,11,6,1
2024-11-04,70909.86,68540.05571428571,64902.56166666667,11,0,0
2024-11-05,47925.88,66323.97142857143,64077.97,11,1,0
2024-11-06,43300.71,62299.49,63518.09666666667,11,2,0
2024-11-07,54106.27,59731.18714285714,63367.247,11,3,0
2024-11-08,59217.58,59240.67,63495.738999999994,11,4,0
2024-11-09,86267.89,61559.514285714286,64822.66033333333,11,5,1
2024-11-10,79619.37,63049.65142857142,65555.07533333333,11,6,1
2024-11-11,70037.45,62925.021428571425,65871.222,11,0,0
2024-11-12,63498.54,65149.68714285714,65716.94466666666,11,1,0
2024-11-13,53077.81,66546.41571428571,65298.69666666666,11,2,0
2024-11-14,72170.18000000001,69126.97428571428,65870.55366666666,11,3,0
2024-11-15,51749.94,68060.16857142857,65505.53233333333,11,4,0
2024-11-16,89078.56,68461.69285714286,66428.43233333333,11,5,1
2024-11-17,74840.2,67778.95428571428,66830.84033333334,11,6,1
2024-11-18,60816.17,66461.62857142858,66971.77966666667,11,0,0
2024-11-19,53435.85,65024.10142857143,66178.28566666666,11,1,0
2024-11-20,61272.63,66194.79,65680.459,11,2,0
2024-11-21,50680.68,63124.86142857142,65734.60166666667,11,3,0
2024-11-22,55730.06,63693.45,65572.02333333333,11,4,0
2024-11-23,81255.53,62575.874285714286,66262.63533333334,11,5,1
2024-11-24,81725.87,63559.54142857143,66619.71333333333,11,6,1
2024-11-25,56069.83,62881.49285714286,65744.13733333333,11,0,0
2024-11-26,69492.06,65175.23714285715,65371.72266666666,11,1,0
2024-11-27,60414.82,65052.692857142865,65185.475666666665,11,2,0
2024-11-28,63119.8,66829.71,65174.853333333325,11,3,0
2024-11-29,65294.25,68196.02285714286,64968.92566666667,11,4,0
2024-11-30,77004.03,67588.66571428571,65132.91366666667,11,5,1
2024-12-01,79237.81999999999,67233.23,65685.801,12,6,1
2024-12-02,69658.89,69174.52428571429,65673.23133333333,12,0,0
2024-12-03,51876.54,66658.02142857142,65096.168999999994,12,1,0
2024-12-04,81060.17,69607.35714285714,65434.51266666666,12,2,0
2024-12-05,54262.35,68342.00714285714,65645.72833333333,12,3,0
2024-12-06,50046.44,66163.74857142857,65870.586,12,4,0
2024-12-07,95147.35,68755.65142857142,67238.622,12,5,1
2024-12-08,72290.18,67763.13142857143,67674.37533333333,12,6,1
2024-12-09,66122.07,67257.87142857142,67002.848,12,0,0
2024-12-10,47983.3,66701.69428571429,65948.31233333334,12,1,0
2024-12-11,68814.47,64952.30857142858,65907.54633333333,12,2,0
2024-12-12,57469.73,65410.50571428572,65706.586,12,3,0
2024-12-13,72752.19,68654.18428571429,66362.39866666666,12,4,0
2024-12-14,58722.17,63450.58714285715,65914.13166666667,12,5,1
2024-12-15,93164.5,66432.63285714286,67294.617,12,6,1
2024-12-16,47241.62,63735.42571428571,65900.05233333334,12,0,0
2024-12-17,56838.05,65000.39,65299.98066666666,12,1,0
2024-12-18,62327.21,64073.63857142858,65350.348666666665,12,2,0
2024-12-19,66798.59,65406.33285714285,65795.77333333335,12,3,0
2024-12-20,63862.37,64136.35857142857,65882.098,12,4,0
2024-12-21,62423.78,64665.159999999996,66273.53466666667,12,5,1
2024-12-22,63505.4,60428.14571428572,66532.71266666666,12,6,1
2024-12-23,76988.47,64677.69571428571,66390.47733333333,12,0,0
2024-12-24,52071.01,63996.69,65401.982,12,1,0
2024-12-25,61371.82,63860.205714285716,65578.715,12,2,0
2024-12-26,53471.63,61956.35428571429,65044.700666666664,12,3,0
2024-12-27,59610.94,61349.00714285715,65017.90466666666,12,4,0
2024-12-28,70922.7,62563.138571428564,65278.00133333333,12,5,1
2024-12-29,105676.18000000001,68587.53571428571,66624.06566666668,12,6,1
2024-12-30,60155.84,66182.87428571428,66062.45933333333,12,0,0
2024-12-31,61230.75,67491.40857142858,65462.223666666665,12,1,0
